# Метеостанция Санкт-Петербург, Россия, WMO_ID=26063, выборка с 01.07.2021 по 31.07.2021, все дни;;;;;;;;;;;;;;;;;;;;;;;;;;;;
# Кодировка: ANSI;;;;;;;;;;;;;;;;;;;;;;;;;;;;
"# Информация предоставлена сайтом ""Расписание Погоды"", rp5.ru";;;;;;;;;;;;;;;;;;;;;;;;;;;;
# Пожалуйста, при использовании данных, любезно указывайте названный сайт.;;;;;;;;;;;;;;;;;;;;;;;;;;;;
# Обозначения метеопараметров см. по адресу http://rp5.ru/archive.php?wmo_id=26063&lang=ru;;;;;;;;;;;;;;;;;;;;;;;;;;;;
#;;;;;;;;;;;;;;;;;;;;;;;;;;;;
Местное время в Санкт-Петербурге;T;Po;P;Pa;U;DD;Ff;ff10;ff3;N;WW;W1;W2;Tn;Tx;Cl;Nh;H;Cm;Ch;VV;Td;RRR;tR;E;Tg;E';sss
31.07.2021 21:00;20.4;751.1;751.5;0.9;67;Ветер, дующий с запада;1;;;50%.; ;;;;21.9;Слоисто-кучевых, слоистых, кучевых или кучево-дождевых облаков нет.;50%.;2500 или более, или облаков нет.;Высококучевые башенкообразные или хлопьевидные.;Перистых, перисто-кучевых или перисто-слоистых нет.;10;14;0.7;12;;;;
31.07.2021 18:00;21.7;750.2;750.6;1.2;55;Ветер, дующий с запада;3;;11;Облаков нет.; ;;;;;;;;;;10;12.1;1;12;;;;
31.07.2021 15:00;20.1;749;749.4;2.1;64;Ветер, дующий с запада;5;;11;50%.;Облака в целом рассеиваются или становятся менее развитыми. ;Дождь.;Облака покрывали более половины неба в течение всего соответствующего периода.;;;Слоисто-кучевые, образовавшиеся из кучевых.;50%.;1000-1500;Высококучевых, высокослоистых или слоисто-дождевых облаков нет.;Перистых, перисто-кучевых или перисто-слоистых нет.;10;13;;;;;;
31.07.2021 12:00;17.7;746.9;747.3;1.8;80;Ветер, дующий с запада;4;;10;90  или более, но не 100%;Дождь (незамерзающий) неливневый. ;Дождь.;Облака покрывали более половины неба в течение всего соответствующего периода.;;;Слоисто-кучевые, образовавшиеся из кучевых.;90  или более, но не 100%;600-1000;Высококучевых, высокослоистых или слоисто-дождевых облаков нет.;Перистых, перисто-кучевых или перисто-слоистых нет.;10;14.2;;;;;;
31.07.2021 09:00;16.4;745.1;745.5;0.1;82;Ветер, дующий с юго-запада;4;;;100%.;Дождь (незамерзающий) неливневый. ;Ливень (ливни).;Дождь.;14.7;;Слоисто-кучевые, образовавшиеся из кучевых.;100%.;300-600;;;10;13.3;4;12;Поверхность почвы влажная.;15;;
31.07.2021 06:00;14.9;745;745.4;-1.4;89;Ветер, дующий с юга;3;;;100%.;Ливневый(ые) дождь(и) слабый(ые) в срок наблюдения или за последний час. ;Ливень (ливни).;Дождь.;14.7;;Кучево-дождевые волокнистые (часто с наковальней), либо с кучево-дождевыми лысыми, кучевыми, слоистыми, разорванно-дождевыми, либо без них.;100%.;300-600;;;4;13.1;3;12;;;;
31.07.2021 03:00;17.2;746.4;746.8;-1.5;72;Ветер, дующий с юга;4;;;100%.;Дождь незамерзающий с перерывами слабый в срок наблюдения. ;Дождь.;Облака покрывали более половины неба в течение всего соответствующего периода.;;;Слоисто-кучевые, образовавшиеся из кучевых.;100%.;300-600;;;10;12;;;;;;
31.07.2021 00:00;18.6;747.9;748.3;-0.9;66;Ветер, дующий с юго-юго-запада;2;;;70 – 80%.; ;;;;;Слоисто-кучевые, образовавшиеся из кучевых.;20–30%.;600-1000;Высококучевые просвечивающие, расположенные на одном уровне.;Перистых, перисто-кучевых или перисто-слоистых нет.;10;12.1;;;;;;
30.07.2021 21:00;21;748.8;749.2;-0.5;54;Ветер, дующий с юго-юго-запада;3;;;90  или более, но не 100%;Состояние неба в общем не изменилось. ;Ливень (ливни).;Облака покрывали более половины неба в течение всего соответствующего периода.;;24.9;Слоисто-кучевые, образовавшиеся из кучевых.;40%.;300-600;Высококучевые просвечивающие, расположенные на одном уровне.;Перистых, перисто-кучевых или перисто-слоистых нет.;10;11.4;0.1;12;;;;
30.07.2021 18:00;23;749.3;749.7;-0.3;44;Ветер, дующий с юго-запада;6;12;12;90  или более, но не 100%; ;;;;;Кучево-дождевые волокнистые (часто с наковальней), либо с кучево-дождевыми лысыми, кучевыми, слоистыми, разорванно-дождевыми, либо без них.;90  или более, но не 100%;300-600;;;10;10.2;Следы осадков;12;;;;
30.07.2021 15:00;23;749.6;750.1;-1.1;48;Ветер, дующий с западо-северо-запада;2;;;90  или более, но не 100%;Состояние неба в общем не изменилось. ;Дождь.;Облака покрывали более половины неба в течение всего соответствующего периода.;;;Кучево-дождевые волокнистые (часто с наковальней), либо с кучево-дождевыми лысыми, кучевыми, слоистыми, разорванно-дождевыми, либо без них.;90  или более, но не 100%;300-600;;;10;11.5;;;;;;
30.07.2021 12:00;21.8;750.7;751.1;-0.2;54;Ветер, дующий с западо-юго-запада;4;;;70 – 80%.; ;;;;;"Кучевые средние или мощные или вместе с кучевыми разорванными, или с кучевыми плоскими, или со слоисто-кучевыми, либо без них; основания всех этих облаков расположены на одном уровне.";40%.;300-600;Высококучевые просвечивающие, расположенные на одном уровне.;Перистых, перисто-кучевых или перисто-слоистых нет.;10;12.1;;;;;;
30.07.2021 09:00;20.7;750.9;751.3;0.2;66;Ветер, дующий с западо-юго-запада;3;;;90  или более, но не 100%; ;;;18.4;;Слоисто-кучевые, образовавшиеся из кучевых.;40%.;300-600;Высококучевые просвечивающие, расположенные на одном уровне.;Перистые нитевидные, иногда когтевидные, не распространяющиеся по небу.;10;14.2;Осадков нет;12;Cухая (без трещин, заметного количества пыли или сыпучего песка);17;;
30.07.2021 06:00;18.4;750.7;751;0.1;84;Ветер, дующий с западо-юго-запада;3;;;70 – 80%.; ;;;18.4;;Слоисто-кучевых, слоистых, кучевых или кучево-дождевых облаков нет.;Облаков нет.;2500 или более, или облаков нет.;Высококучевые, просвечивающие или плотные в двух или более слоях или высококучевые плотные в одном слое, не распространяющиеся но небу, либо высококучевые с высокослоистыми или слоисто-дождевыми.;Перистых, перисто-кучевых или перисто-слоистых нет.;10;15.6;Осадков нет;12;;;;
30.07.2021 03:00;20;750.6;751;-0.1;79;Ветер, дующий с юго-запада;2;;;70 – 80%.; ;;;;;Слоисто-кучевые, образовавшиеся не из кучевых.;70 – 80%.;1000-1500;;;10;16.3;;;;;;
30.07.2021 00:00;20.5;750.7;751.1;-0.1;75;Ветер, дующий с западо-юго-запада;2;;;20–30%.; ;;;;;Слоисто-кучевых, слоистых, кучевых или кучево-дождевых облаков нет.;Облаков нет.;2500 или более, или облаков нет.;Высококучевых, высокослоистых или слоисто-дождевых облаков нет.;Перистые нитевидные, иногда когтевидные, не распространяющиеся по небу.;10;15.9;;;;;;
29.07.2021 21:00;21.9;750.8;751.2;0.4;71;Ветер, дующий с запада;2;;;20–30%.;Состояние неба в общем не изменилось. ;Ливень (ливни).;Облака покрывали более половины неба в течение одной части соответствующего периода и половину или менее в течение другой части периода.;;25.7;Слоисто-кучевых, слоистых, кучевых или кучево-дождевых облаков нет.;Облаков нет.;2500 или более, или облаков нет.;Высококучевых, высокослоистых или слоисто-дождевых облаков нет.;Перистые нитевидные, иногда когтевидные, не распространяющиеся по небу.;10;16.3;6;12;;;;
29.07.2021 18:00;24.3;750.4;750.7;-0.9;61;Ветер, дующий с запада;1;;;90  или более, но не 100%;Состояние неба в общем не изменилось. ;Ливень (ливни).;Облака покрывали более половины неба в течение всего соответствующего периода.;;;Слоисто-кучевые, образовавшиеся не из кучевых.;40%.;600-1000;Высококучевые, просвечивающие или плотные в двух или более слоях или высококучевые плотные в одном слое, не распространяющиеся но небу, либо высококучевые с высокослоистыми или слоисто-дождевыми.;Перистых, перисто-кучевых или перисто-слоистых нет.;10;16.2;6;12;;;;
29.07.2021 15:00;23.4;751.3;751.6;-1.2;62;Ветер, дующий с запада;2;;;90  или более, но не 100%; ;;;;;Слоисто-кучевых, слоистых, кучевых или кучево-дождевых облаков нет.;90  или более, но не 100%;1000-1500;Высококучевые, просвечивающие или плотные в двух или более слоях или высококучевые плотные в одном слое, не распространяющиеся но небу, либо высококучевые с высокослоистыми или слоисто-дождевыми.;Перистых, перисто-кучевых или перисто-слоистых нет.;10;15.7;;;;;;
29.07.2021 12:00;22.7;752.5;752.9;-0.2;73;Ветер, дующий с западо-юго-запада;2;;;90  или более, но не 100%; ;;;;;Слоисто-кучевых, слоистых, кучевых или кучево-дождевых облаков нет.;90  или более, но не 100%;2500 или более, или облаков нет.;Высококучевые просвечивающие, расположенные на одном уровне.;Перистых, перисто-кучевых или перисто-слоистых нет.;10;17.5;;;;;;
29.07.2021 09:00;20;752.7;753.1;-0.5;87;Ветер, дующий с запада;2;;;100%.; ;;;17.5;;Слоисто-кучевые, образовавшиеся не из кучевых.;100%.;300-600;;;10;17.7;5;12;Поверхность почвы сырая (вода застаивается на поверхности и образует малые или большие лужи).;16;;
29.07.2021 06:00;19.2;753.2;753.6;-0.4;93;Штиль, безветрие;0;;;40%.; ;;;17.5;;Слоисто-кучевых, слоистых, кучевых или кучево-дождевых облаков нет.;Облаков нет.;2500 или более, или облаков нет.;Высококучевых, высокослоистых или слоисто-дождевых облаков нет.;Перисто-кучевые одни или перисто-кучевые, сопровождаемые перистыми или перисто-слоистыми, либо те и другие, но перисто-кучевые преобладают среди них.;10;18.1;22;12;;;;
29.07.2021 03:00;17.8;753.6;754;-1.2;94;Штиль, безветрие;0;;;Облаков нет.;Облака в целом рассеиваются или становятся менее развитыми. ;Гроза (грозы) с осадками или без них.;Ливень (ливни).;;;;;;;;10;16.8;;;;;;
29.07.2021 00:00;19.2;754.8;755.2;-0.1;92;Штиль, безветрие;0;;;100%.; ;;;;;Слоисто-кучевые, образовавшиеся не из кучевых.;20–30%.;1000-1500;Высококучевые просвечивающие, расположенные на одном уровне.;Перисто-кучевые одни или перисто-кучевые, сопровождаемые перистыми или перисто-слоистыми, либо те и другие, но перисто-кучевые преобладают среди них.;10;17.9;;;;;;
28.07.2021 21:00;18.7;754.9;755.4;-0.6;96;Штиль, безветрие;0;;;70 – 80%.;Состояние неба в общем не изменилось. ;Гроза (грозы) с осадками или без них.;Ливень (ливни).;;30.5;Кучевые и слоисто-кучевые (но не слоисто-кучевые, образовавшиеся из кучевых), основания расположены на разных уровнях.;20–30%.;1000-1500;Высококучевые просвечивающие, расположенные на одном уровне.;Перисто-кучевые одни или перисто-кучевые, сопровождаемые перистыми или перисто-слоистыми, либо те и другие, но перисто-кучевые преобладают среди них.;10;18;20;12;;;;
28.07.2021 18:00;22.6;755.5;755.8;-1;84;Ветер, дующий с севера;1;;;90  или более, но не 100%;Состояние неба в общем не изменилось. ;Гроза (грозы) с осадками или без них.;Ливень (ливни).;;;Слоисто-кучевые, образовавшиеся не из кучевых.;50%.;1000-1500;Высококучевые просвечивающие, расположенные на одном уровне.;Перистых, перисто-кучевых или перисто-слоистых нет.;10;19.7;3;12;;;;
28.07.2021 15:00;22.8;756.5;756.9;-0.9;79;Ветер, дующий с северо-запада;1;;;100%.;Гроза слабая или умеренная без града, но с дождем и/или снегом в срок наблюдения. ;Гроза (грозы) с осадками или без них.;Ливень (ливни).;;;Кучево-дождевые лысые с кучевыми, слоисто-кучевыми или слоистыми, либо без них.;100%.;1000-1500;;;10;19;;;;;;
28.07.2021 12:00;28;757.4;757.8;-0.8;44;Ветер, дующий с востоко-юго-востока;2;;;100%.; ;;;;;Слоисто-кучевых, слоистых, кучевых или кучево-дождевых облаков нет.;20–30%.;2500 или более, или облаков нет.;Высококучевые просвечивающие, расположенные на одном уровне.;Перисто-кучевые одни или перисто-кучевые, сопровождаемые перистыми или перисто-слоистыми, либо те и другие, но перисто-кучевые преобладают среди них.;10;14.5;;;;;;
28.07.2021 09:00;24.6;758.2;758.5;-1;52;Ветер, дующий с востоко-юго-востока;1;;;100%.; ;;;19.8;;Слоисто-кучевых, слоистых, кучевых или кучево-дождевых облаков нет.;Облаков нет.;2500 или более, или облаков нет.;Высококучевых, высокослоистых или слоисто-дождевых облаков нет.;Перисто-кучевые одни или перисто-кучевые, сопровождаемые перистыми или перисто-слоистыми, либо те и другие, но перисто-кучевые преобладают среди них.;10;14;Осадков нет;12;Cухая (без трещин, заметного количества пыли или сыпучего песка);17;;
28.07.2021 06:00;20.6;759.2;759.6;-1.1;64;Ветер, дующий с востока;1;;;100%.; ;;;19.8;;Кучевые плоские или кучевые разорванные, или те и другие вместе, не относящиеся к облакам плохой погоды.;10%  или менее, но не 0;600-1000;Высококучевых, высокослоистых или слоисто-дождевых облаков нет.;Перистые когтевидные или нитевидные или первые и вторые, распространяющиеся по небу и в целом обычно уплотняющиеся.;10;13.6;Осадков нет;12;;;;
28.07.2021 03:00;20.7;760.3;760.6;-1.1;65;Штиль, безветрие;0;;;100%.; ;;;;;Слоисто-кучевых, слоистых, кучевых или кучево-дождевых облаков нет.;Облаков нет.;2500 или более, или облаков нет.;Высококучевых, высокослоистых или слоисто-дождевых облаков нет.;Перистые нитевидные, иногда когтевидные, не распространяющиеся по небу.;10;13.9;;;;;;
28.07.2021 00:00;23.5;761.4;761.8;-0.1;54;Штиль, безветрие;0;;;100%.; ;;;;;Слоисто-кучевых, слоистых, кучевых или кучево-дождевых облаков нет.;Облаков нет.;2500 или более, или облаков нет.;Высококучевых, высокослоистых или слоисто-дождевых облаков нет.;Перистые нитевидные, иногда когтевидные, не распространяющиеся по небу.;10;13.5;;;;;;
27.07.2021 21:00;27.6;761.5;761.9;-0.5;34;Ветер, дующий с востоко-юго-востока;2;;;100%.; ;;;;31.6;Слоисто-кучевых, слоистых, кучевых или кучево-дождевых облаков нет.;Облаков нет.;2500 или более, или облаков нет.;Высококучевых, высокослоистых или слоисто-дождевых облаков нет.;Перистые когтевидные или нитевидные или первые и вторые, распространяющиеся по небу и в целом обычно уплотняющиеся.;10;10.2;Осадков нет;12;;;;
27.07.2021 18:00;30.5;762;762.4;-1;25;Ветер, дующий с востоко-юго-востока;2;;;50%.; ;;;;;Кучевые плоские или кучевые разорванные, или те и другие вместе, не относящиеся к облакам плохой погоды.;20–30%.;600-1000;Высококучевых, высокослоистых или слоисто-дождевых облаков нет.;"Перистые плотные в виде клочьев или скрученных склонов, количество которых обычно не увеличивается, иногда могут казаться остатками верхней части кучево-дождевых; или перистые башенкообразные, или перистые хлопьевидные.";10;8.6;Осадков нет;12;;;;
27.07.2021 15:00;30.4;763;763.4;-1.5;31;Ветер, дующий с юго-запада;1;;;20–30%.; ;;;;;Кучевые плоские или кучевые разорванные, или те и другие вместе, не относящиеся к облакам плохой погоды.;20–30%.;600-1000;Высококучевых, высокослоистых или слоисто-дождевых облаков нет.;Перистых, перисто-кучевых или перисто-слоистых нет.;10;11.3;;;;;;
27.07.2021 12:00;29;764.5;764.8;-0.3;34;Ветер, дующий с западо-юго-запада;1;;;20–30%.; ;;;;;Кучевые плоские или кучевые разорванные, или те и другие вместе, не относящиеся к облакам плохой погоды.;20–30%.;600-1000;Высококучевых, высокослоистых или слоисто-дождевых облаков нет.;Перистых, перисто-кучевых или перисто-слоистых нет.;10;11.6;;;;;;
27.07.2021 09:00;25.7;764.8;765.1;-0.4;46;Ветер, дующий с западо-юго-запада;1;;;Облаков нет.; ;;;16.7;;;;;;;10;13.1;Осадков нет;12;Cухая (без трещин, заметного количества пыли или сыпучего песка);15;;
27.07.2021 06:00;17.6;765.2;765.6;-0.3;89;Штиль, безветрие;0;;;10%  или менее, но не 0; ;;;16.7;;Слоисто-кучевых, слоистых, кучевых или кучево-дождевых облаков нет.;Облаков нет.;2500 или более, или облаков нет.;Высококучевых, высокослоистых или слоисто-дождевых облаков нет.;Перистые нитевидные, иногда когтевидные, не распространяющиеся по небу.;10;15.8;Осадков нет;12;;;;
27.07.2021 03:00;17.5;765.5;765.9;0.1;90;Штиль, безветрие;0;;;Облаков нет.; ;;;;;;;;;;10;15.9;;;;;;
27.07.2021 00:00;19.4;765.4;765.7;0.3;82;Штиль, безветрие;0;;;Облаков нет.; ;;;;;;;;;;10;16.3;;;;;;
26.07.2021 21:00;23.8;765.1;765.5;0;56;Ветер, дующий с запада;1;;;20–30%.; ;;;;28.9;Слоисто-кучевых, слоистых, кучевых или кучево-дождевых облаков нет.;Облаков нет.;2500 или более, или облаков нет.;Высококучевых, высокослоистых или слоисто-дождевых облаков нет.;Перистые нитевидные, иногда когтевидные, не распространяющиеся по небу.;10;14.4;Осадков нет;12;;;;
26.07.2021 18:00;27.4;765.1;765.4;-0.6;43;Ветер, дующий с юго-запада;2;;;70 – 80%.; ;;;;;Кучево-дождевые волокнистые (часто с наковальней), либо с кучево-дождевыми лысыми, кучевыми, слоистыми, разорванно-дождевыми, либо без них.;40%.;300-600;Высококучевые просвечивающие, расположенные на одном уровне.;Перистые нитевидные, иногда когтевидные, не распространяющиеся по небу.;10;13.7;Осадков нет;12;;;;
26.07.2021 15:00;27.6;765.7;766;-0.3;42;Ветер, дующий с западо-северо-запада;2;;;100%.; ;;;;;Кучево-дождевые волокнистые (часто с наковальней), либо с кучево-дождевыми лысыми, кучевыми, слоистыми, разорванно-дождевыми, либо без них.;50%.;300-600;Высококучевых, высокослоистых или слоисто-дождевых облаков нет.;Перистые нитевидные, иногда когтевидные, не распространяющиеся по небу.;10;13.6;;;;;;
26.07.2021 12:00;26.1;766;766.3;0.3;47;Ветер, дующий с западо-юго-запада;2;;;40%.; ;;;;;"Кучевые средние или мощные или вместе с кучевыми разорванными, или с кучевыми плоскими, или со слоисто-кучевыми, либо без них; основания всех этих облаков расположены на одном уровне.";20–30%.;600-1000;Высококучевых, высокослоистых или слоисто-дождевых облаков нет.;Перистые нитевидные, иногда когтевидные, не распространяющиеся по небу.;10;13.8;;;;;;
26.07.2021 09:00;21.5;765.7;766;0.4;66;Ветер, дующий с западо-юго-запада;2;;;10%  или менее, но не 0; ;;;16.5;;Слоисто-кучевых, слоистых, кучевых или кучево-дождевых облаков нет.;Облаков нет.;2500 или более, или облаков нет.;Высококучевые башенкообразные или хлопьевидные.;Перистых, перисто-кучевых или перисто-слоистых нет.;10;14.8;Осадков нет;12;Cухая (без трещин, заметного количества пыли или сыпучего песка);14;;
26.07.2021 06:00;18.2;765.3;765.7;0;80;Ветер, дующий с юго-запада;1;;;Облаков нет.; ;;;16.5;;;;;;;10;14.7;Осадков нет;12;;;;
26.07.2021 03:00;16.8;765.3;765.7;0.5;85;Штиль, безветрие;0;;;Облаков нет.; ;;;;;;;;;;10;14.3;;;;;;
26.07.2021 00:00;18.2;764.8;765.2;0.6;76;Штиль, безветрие;0;;;60%.; ;;;;;Слоисто-кучевых, слоистых, кучевых или кучево-дождевых облаков нет.;Облаков нет.;2500 или более, или облаков нет.;Высококучевых, высокослоистых или слоисто-дождевых облаков нет.;Перистые нитевидные, иногда когтевидные, не распространяющиеся по небу.;10;13.8;;;;;;
25.07.2021 21:00;21.2;764.2;764.5;-0.3;53;Ветер, дующий с западо-юго-запада;1;;;90  или более, но не 100%; ;;;;22.2;Слоисто-кучевых, слоистых, кучевых или кучево-дождевых облаков нет.;90  или более, но не 100%;2000-2500;Высококучевые, просвечивающие или плотные в двух или более слоях или высококучевые плотные в одном слое, не распространяющиеся но небу, либо высококучевые с высокослоистыми или слоисто-дождевыми.;Перистых, перисто-кучевых или перисто-слоистых нет.;10;11.1;Осадков нет;12;;;;
25.07.2021 18:00;21.6;764.5;764.8;0.4;51;Ветер, дующий с запада;2;;;90  или более, но не 100%; ;;;;;Слоисто-кучевых, слоистых, кучевых или кучево-дождевых облаков нет.;90  или более, но не 100%;2000-2500;Высококучевые, просвечивающие или плотные в двух или более слоях или высококучевые плотные в одном слое, не распространяющиеся но небу, либо высококучевые с высокослоистыми или слоисто-дождевыми.;Перистых, перисто-кучевых или перисто-слоистых нет.;10;11;Осадков нет;12;;;;
25.07.2021 15:00;21.7;764.1;764.5;0.2;64;Ветер, дующий с западо-северо-запада;2;;;90  или более, но не 100%; ;;;;;Слоисто-кучевых, слоистых, кучевых или кучево-дождевых облаков нет.;90  или более, но не 100%;2500 или более, или облаков нет.;Высококучевые просвечивающие, расположенные на одном уровне.;Перистых, перисто-кучевых или перисто-слоистых нет.;10;14.6;;;;;;
25.07.2021 12:00;NaN;763.9;764.2;0.6;62;Ветер, дующий с запада;3;;;90  или более, но не 100%; ;;;;;Слоисто-кучевые, образовавшиеся из кучевых.;70 – 80%.;1000-1500;Высококучевые, просвечивающие или плотные в двух или более слоях или высококучевые плотные в одном слое, не распространяющиеся но небу, либо высококучевые с высокослоистыми или слоисто-дождевыми.;Перистых, перисто-кучевых или перисто-слоистых нет.;10;13.2;;;;;;
25.07.2021 09:00;18.5;763.3;763.7;0.5;63;Ветер, дующий с западо-юго-запада;2;;;90  или более, но не 100%; ;;;15.2;;Слоисто-кучевые, образовавшиеся из кучевых.;60%.;600-1000;Высококучевые, просвечивающие или плотные в двух или более слоях или высококучевые плотные в одном слое, не распространяющиеся но небу, либо высококучевые с высокослоистыми или слоисто-дождевыми.;Перистых, перисто-кучевых или перисто-слоистых нет.;10;11.4;Осадков нет;12;Cухая (без трещин, заметного количества пыли или сыпучего песка);12;;
25.07.2021 06:00;16.6;762.8;763.2;0.1;65;Ветер, дующий с западо-юго-запада;2;;;90  или более, но не 100%; ;;;15.2;;Слоисто-кучевые, образовавшиеся не из кучевых.;40%.;1000-1500;Высококучевые просвечивающие, расположенные на одном уровне.;Перистых, перисто-кучевых или перисто-слоистых нет.;10;10;Осадков нет;12;;;;
25.07.2021 03:00;16.7;762.7;763.2;0.3;71;Ветер, дующий с западо-юго-запада;1;;;Облаков нет.; ;;;;;;;;;;10;11.3;;;;;;
25.07.2021 00:00;15.6;762.4;762.8;0.6;68;Штиль, безветрие;0;;;Облаков нет.; ;;;;;;;;;;10;9.7;;;;;;
24.07.2021 21:00;18;761.8;762.2;0.1;54;Ветер, дующий с северо-запада;2;;;Облаков нет.; ;;;;20.4;;;;;;10;8.5;Осадков нет;12;;;;
24.07.2021 18:00;19.8;761.7;762.1;0.1;42;Ветер, дующий с западо-юго-запада;3;;;10%  или менее, но не 0; ;;;;;Кучевые плоские или кучевые разорванные, или те и другие вместе, не относящиеся к облакам плохой погоды.;10%  или менее, но не 0;1000-1500;Высококучевых, высокослоистых или слоисто-дождевых облаков нет.;Перистых, перисто-кучевых или перисто-слоистых нет.;10;6.6;Осадков нет;12;;;;
24.07.2021 15:00;19.5;761.6;762;0;43;Ветер, дующий с запада;3;;;20–30%.; ;;;;;Кучевые и слоисто-кучевые (но не слоисто-кучевые, образовавшиеся из кучевых), основания расположены на разных уровнях.;20–30%.;1000-1500;Высококучевых, высокослоистых или слоисто-дождевых облаков нет.;Перистых, перисто-кучевых или перисто-слоистых нет.;10;6.4;;;;;;
24.07.2021 12:00;18.8;761.6;762;0.7;48;Ветер, дующий с запада;2;;;60%.; ;;;;;Кучевые и слоисто-кучевые (но не слоисто-кучевые, образовавшиеся из кучевых), основания расположены на разных уровнях.;50%.;1000-1500;Высококучевые просвечивающие, расположенные на одном уровне.;Перистых, перисто-кучевых или перисто-слоистых нет.;10;7.4;;;;;;
24.07.2021 09:00;18.1;760.9;761.3;0.6;47;Ветер, дующий с северо-северо-запада;1;;;40%.; ;;;11.6;;Кучевые плоские или кучевые разорванные, или те и другие вместе, не относящиеся к облакам плохой погоды.;10%  или менее, но не 0;1000-1500;Высококучевые просвечивающие, расположенные на одном уровне.;Перисто-кучевые одни или перисто-кучевые, сопровождаемые перистыми или перисто-слоистыми, либо те и другие, но перисто-кучевые преобладают среди них.;10;6.5;Осадков нет;12;Поверхность почвы влажная.;9;;
24.07.2021 06:00;13;760.3;760.6;0.6;69;Ветер, дующий с севера;1;;;50%.; ;;;11.6;;Слоисто-кучевых, слоистых, кучевых или кучево-дождевых облаков нет.;Облаков нет.;2500 или более, или облаков нет.;Высококучевых, высокослоистых или слоисто-дождевых облаков нет.;Перисто-кучевые одни или перисто-кучевые, сопровождаемые перистыми или перисто-слоистыми, либо те и другие, но перисто-кучевые преобладают среди них.;10;7.5;Осадков нет;12;;;;
24.07.2021 03:00;13.4;759.7;760;1;66;Штиль, безветрие;0;;;20–30%.; ;;;;;Слоисто-кучевых, слоистых, кучевых или кучево-дождевых облаков нет.;Облаков нет.;2500 или более, или облаков нет.;Высококучевых, высокослоистых или слоисто-дождевых облаков нет.;Перистые нитевидные, иногда когтевидные, не распространяющиеся по небу.;10;7.2;;;;;;
24.07.2021 00:00;16.8;758.7;759.1;1.2;59;Ветер, дующий с северо-востока;1;;;90  или более, но не 100%; ;;;;;Слоисто-кучевых, слоистых, кучевых или кучево-дождевых облаков нет.;90  или более, но не 100%;2500 или более, или облаков нет.;Высококучевые, просвечивающие или плотные в двух или более слоях или высококучевые плотные в одном слое, не распространяющиеся но небу, либо высококучевые с высокослоистыми или слоисто-дождевыми.;Перистых, перисто-кучевых или перисто-слоистых нет.;10;8.8;;;;;;
23.07.2021 21:00;18.2;757.5;757.9;0.6;53;Ветер, дующий с северо-северо-запада;1;;;70 – 80%.; ;;;;21.5;Слоисто-кучевых, слоистых, кучевых или кучево-дождевых облаков нет.;40%.;1500-2000;Высококучевые, просвечивающие или плотные в двух или более слоях или высококучевые плотные в одном слое, не распространяющиеся но небу, либо высококучевые с высокослоистыми или слоисто-дождевыми.;Перистых, перисто-кучевых или перисто-слоистых нет.;10;8.3;2;12;;;;
23.07.2021 18:00;20.7;756.9;757.3;-0.1;50;Ветер, дующий с северо-северо-запада;2;;;50%.; ;;;;;"Кучевые средние или мощные или вместе с кучевыми разорванными, или с кучевыми плоскими, или со слоисто-кучевыми, либо без них; основания всех этих облаков расположены на одном уровне.";10%  или менее, но не 0;600-1000;Высококучевые, просвечивающие или плотные в двух или более слоях или высококучевые плотные в одном слое, не распространяющиеся но небу, либо высококучевые с высокослоистыми или слоисто-дождевыми.;Перистые плотные, образовавшиеся от кучево-дождевых.;10;9.9;2;12;;;;
23.07.2021 15:00;16.8;757;757.4;0.8;67;Ветер, дующий с запада;2;;;100%.;Ливневый(ые) дождь(и). ;Ливень (ливни).;Дождь.;;;Слоисто-кучевых, слоистых, кучевых или кучево-дождевых облаков нет.;70 – 80%.;2500 или более, или облаков нет.;Высококучевые, просвечивающие или плотные в двух или более слоях или высококучевые плотные в одном слое, не распространяющиеся но небу, либо высококучевые с высокослоистыми или слоисто-дождевыми.;Перистые плотные, образовавшиеся от кучево-дождевых.;10;10.5;;;;;;
23.07.2021 12:00;20.8;756.2;756.6;0.5;49;Ветер, дующий с северо-запада;3;;;50%.; ;;;;;"Кучевые средние или мощные или вместе с кучевыми разорванными, или с кучевыми плоскими, или со слоисто-кучевыми, либо без них; основания всех этих облаков расположены на одном уровне.";20–30%.;600-1000;Высококучевые просвечивающие, расположенные на одном уровне.;"Перистые плотные в виде клочьев или скрученных склонов, количество которых обычно не увеличивается, иногда могут казаться остатками верхней части кучево-дождевых; или перистые башенкообразные, или перистые хлопьевидные.";10;9.7;;;;;;
23.07.2021 09:00;17.4;755.7;756.1;0.4;66;Ветер, дующий с северо-запада;2;;;90  или более, но не 100%; ;;;15.2;;Слоисто-кучевых, слоистых, кучевых или кучево-дождевых облаков нет.;70 – 80%.;2500 или более, или облаков нет.;Высококучевые, просвечивающие или плотные в двух или более слоях или высококучевые плотные в одном слое, не распространяющиеся но небу, либо высококучевые с высокослоистыми или слоисто-дождевыми.;Перисто-кучевые одни или перисто-кучевые, сопровождаемые перистыми или перисто-слоистыми, либо те и другие, но перисто-кучевые преобладают среди них.;10;10.9;Следы осадков;12;Поверхность почвы влажная.;13;;
23.07.2021 06:00;15.4;755.3;755.7;0.1;71;Ветер, дующий с северо-северо-запада;1;;;70 – 80%.; ;;;15.2;;Слоисто-кучевые, образовавшиеся из кучевых.;20–30%.;2500 или более, или облаков нет.;Высококучевые башенкообразные или хлопьевидные.;Перистых, перисто-кучевых или перисто-слоистых нет.;10;10.1;;;;;;
23.07.2021 03:00;16;755.2;755.5;0.4;69;Ветер, дующий с северо-северо-запада;1;;;90  или более, но не 100%;Состояние неба в общем не изменилось. ;Ливень (ливни).;Облака покрывали более половины неба в течение всего соответствующего периода.;;;Слоисто-кучевые, образовавшиеся из кучевых.;20–30%.;1000-1500;Высококучевые башенкообразные или хлопьевидные.;Перистых, перисто-кучевых или перисто-слоистых нет.;10;10.2;;;;;;
23.07.2021 00:00;17.1;754.8;755.2;0.6;75;Ветер, дующий с северо-северо-запада;1;;;100%.;Состояние неба в общем не изменилось. ;Ливень (ливни).;Облака покрывали более половины неба в течение всего соответствующего периода.;;;Слоисто-кучевые, образовавшиеся из кучевых.;50%.;600-1000;Высококучевые просвечивающие, расположенные на одном уровне.;Перистых, перисто-кучевых или перисто-слоистых нет.;10;12.7;;;;;;
22.07.2021 21:00;19.3;754.2;754.6;-1.3;79;Ветер, дующий с северо-запада;3;;10;100%.;Ливневый(ые) дождь(и) слабый(ые) в срок наблюдения или за последний час. ;Ливень (ливни).;Дождь.;;20.6;Кучево-дождевые волокнистые (часто с наковальней), либо с кучево-дождевыми лысыми, кучевыми, слоистыми, разорванно-дождевыми, либо без них.;90  или более, но не 100%;300-600;Высококучевые башенкообразные или хлопьевидные.;Перистых, перисто-кучевых или перисто-слоистых нет.;10;15.5;6;12;;;;
22.07.2021 18:00;20.4;755.5;755.8;-1.5;61;Ветер, дующий с запада;4;;12;100%.;Состояние неба в общем не изменилось. ;Дождь.;Облака покрывали более половины неба в течение всего соответствующего периода.;;;Слоисто-кучевые, образовавшиеся из кучевых.;70 – 80%.;300-600;Высококучевые просвечивающие, расположенные на одном уровне.;Перисто-кучевые одни или перисто-кучевые, сопровождаемые перистыми или перисто-слоистыми, либо те и другие, но перисто-кучевые преобладают среди них.;10;12.7;5;12;;;;
22.07.2021 15:00;17;757;757.4;-0.8;86;Ветер, дующий с западо-северо-запада;3;;10;100%.;Дождь незамерзающий с перерывами слабый в срок наблюдения. ;Ливень (ливни).;Дождь.;;;Кучево-дождевые волокнистые (часто с наковальней), либо с кучево-дождевыми лысыми, кучевыми, слоистыми, разорванно-дождевыми, либо без них.;100%.;300-600;;;10;14.7;;;;;;
22.07.2021 12:00;19.1;757.8;758.2;-0.4;55;Ветер, дующий с запада;5;;11;100%.; ;;;;;Слоисто-кучевые, образовавшиеся из кучевых.;70 – 80%.;300-600;Высокослоистые просвечивающие.;;10;9.7;;;;;;
22.07.2021 09:00;17.1;758.2;758.6;-0.5;61;Ветер, дующий с западо-северо-запада;3;;10;90  или более, но не 100%; ;;;12.6;;Слоисто-кучевые, образовавшиеся из кучевых.;50%.;300-600;Высокослоистые просвечивающие.;Перистые нитевидные, иногда когтевидные, не распространяющиеся по небу.;10;9.4;Осадков нет;12;Cухая (без трещин, заметного количества пыли или сыпучего песка);9;;
22.07.2021 06:00;14;758.7;NaN;-0.2;62;Ветер, дующий с северо-северо-запада;1;;;Облаков нет.; ;;;12.6;;;;;;;10;6.7;Осадков нет;12;;;;
22.07.2021 03:00;13;758.9;759.3;-0.4;73;Штиль, безветрие;0;;;Облаков нет.; ;;;;;;;;;;10;8.2;;;;;;
22.07.2021 00:00;15.9;759.3;759.7;0.1;52;Штиль, безветрие;0;;;Облаков нет.; ;;;;;;;;;;10;5.9;;;;;;
21.07.2021 21:00;18.1;759.2;759.6;0.1;41;Ветер, дующий с северо-северо-запада;1;;;70 – 80%.; ;;;;21.1;Слоисто-кучевых, слоистых, кучевых или кучево-дождевых облаков нет.;70 – 80%.;2000-2500;Высококучевые, просвечивающие или плотные в двух или более слоях или высококучевые плотные в одном слое, не распространяющиеся но небу, либо высококучевые с высокослоистыми или слоисто-дождевыми.;Перистых, перисто-кучевых или перисто-слоистых нет.;10;4.4;Осадков нет;12;;;;
21.07.2021 18:00;20.2;759.1;759.4;0.3;37;Ветер, дующий с запада;4;;;20–30%.; ;;;;;Кучевые плоские или кучевые разорванные, или те и другие вместе, не относящиеся к облакам плохой погоды.;20–30%.;1000-1500;Высококучевые просвечивающие, расположенные на одном уровне.;Перистые нитевидные, иногда когтевидные, не распространяющиеся по небу.;10;5.1;Осадков нет;12;;;;
21.07.2021 15:00;19.2;758.8;759.1;0.9;41;Ветер, дующий с северо-запада;2;;;70 – 80%.; ;;;;;Кучевые плоские или кучевые разорванные, или те и другие вместе, не относящиеся к облакам плохой погоды.;20–30%.;1000-1500;Высококучевые просвечивающие, расположенные на одном уровне.;Перистых, перисто-кучевых или перисто-слоистых нет.;10;5.7;;;;;;
21.07.2021 12:00;19.5;757.9;758.3;1;47;Ветер, дующий с западо-северо-запада;2;;;70 – 80%.; ;;;;;Кучевые плоские или кучевые разорванные, или те и другие вместе, не относящиеся к облакам плохой погоды.;20–30%.;1000-1500;Высококучевые просвечивающие, расположенные на одном уровне.;Перистых, перисто-кучевых или перисто-слоистых нет.;10;7.7;;;;;;
21.07.2021 09:00;17.6;756.9;757.3;1.4;64;Ветер, дующий с севера;2;;;60%.;Состояние неба в общем не изменилось. ;Ливень (ливни).;Облака покрывали более половины неба в течение одной части соответствующего периода и половину или менее в течение другой части периода.;13.5;;Кучевые плоские или кучевые разорванные, или те и другие вместе, не относящиеся к облакам плохой погоды.;20–30%.;1000-1500;Высококучевые, просвечивающие или плотные в двух или более слоях или высококучевые плотные в одном слое, не распространяющиеся но небу, либо высококучевые с высокослоистыми или слоисто-дождевыми.;Перистых, перисто-кучевых или перисто-слоистых нет.;10;10.6;5;12;Поверхность почвы влажная.;13;;
21.07.2021 06:00;14.2;755.5;755.9;0.6;93;Ветер, дующий с севера;1;;;20–30%.;Облака в целом рассеиваются или становятся менее развитыми. ;Ливень (ливни).;Облака покрывали более половины неба в течение всего соответствующего периода.;13.5;;Кучевые плоские или кучевые разорванные, или те и другие вместе, не относящиеся к облакам плохой погоды.;10%  или менее, но не 0;1000-1500;Высококучевые просвечивающие, расположенные на одном уровне.;Перистых, перисто-кучевых или перисто-слоистых нет.;10;13.1;5;12;;;;
21.07.2021 03:00;15.5;754.9;755.2;0;87;Штиль, безветрие;0;;;100%.;Состояние неба в общем не изменилось. ;Ливень (ливни).;Облака покрывали более половины неба в течение всего соответствующего периода.;;;Слоисто-кучевые, образовавшиеся не из кучевых.;50%.;300-600;Высококучевые просвечивающие, расположенные на одном уровне.;;10;13.3;;;;;;
21.07.2021 00:00;15.1;754.9;755.2;-0.3;85;Ветер, дующий с юго-юго-запада;2;;11;70 – 80%.;Состояние неба в общем не изменилось. ;Ливень (ливни).;Облака покрывали более половины неба в течение всего соответствующего периода.;;;Слоисто-кучевые, образовавшиеся не из кучевых.;20–30%.;1000-1500;Высококучевые просвечивающие, расположенные на одном уровне.;Перистые нитевидные, иногда когтевидные, не распространяющиеся по небу.;10;12.6;;;;;;
20.07.2021 21:00;20;755.2;755.5;-0.3;54;Ветер, дующий с западо-юго-запада;5;;;100%.; ;;;;22.3;Слоисто-кучевые, образовавшиеся не из кучевых.;60%.;1000-1500;Высококучевые просвечивающие, расположенные на одном уровне.;Перисто-кучевые одни или перисто-кучевые, сопровождаемые перистыми или перисто-слоистыми, либо те и другие, но перисто-кучевые преобладают среди них.;10;10.5;Осадков нет;12;;;;
20.07.2021 18:00;21.5;755.5;755.9;-0.8;50;Ветер, дующий с запада;3;;10;60%.; ;;;;;Кучевые и слоисто-кучевые (но не слоисто-кучевые, образовавшиеся из кучевых), основания расположены на разных уровнях.;20–30%.;1000-1500;Высококучевые просвечивающие, расположенные на одном уровне.;Перисто-кучевые одни или перисто-кучевые, сопровождаемые перистыми или перисто-слоистыми, либо те и другие, но перисто-кучевые преобладают среди них.;10;10.5;Осадков нет;12;;;;
20.07.2021 15:00;20;756.3;756.7;0.1;54;Ветер, дующий с западо-северо-запада;3;;10;70 – 80%.; ;;;;;Слоисто-кучевые, образовавшиеся не из кучевых.;20–30%.;1000-1500;Высококучевые просвечивающие, расположенные на одном уровне.;Перисто-кучевые одни или перисто-кучевые, сопровождаемые перистыми или перисто-слоистыми, либо те и другие, но перисто-кучевые преобладают среди них.;10;10.3;;;;;;
20.07.2021 12:00;19.4;756.2;756.6;0.4;50;Ветер, дующий с западо-северо-запада;4;;;70 – 80%.; ;;;;;Слоисто-кучевые, образовавшиеся не из кучевых.;20–30%.;1000-1500;Высококучевые просвечивающие, расположенные на одном уровне.;Перисто-кучевые одни или перисто-кучевые, сопровождаемые перистыми или перисто-слоистыми, либо те и другие, но перисто-кучевые преобладают среди них.;10;8.7;;;;;;
20.07.2021 09:00;18.1;755.8;756.1;0.3;55;Ветер, дующий с западо-северо-запада;3;;;90  или более, но не 100%; ;;;17;;Слоисто-кучевые, образовавшиеся не из кучевых.;70 – 80%.;1000-1500;Высококучевые просвечивающие, расположенные на одном уровне.;Перистых, перисто-кучевых или перисто-слоистых нет.;10;8.9;0.6;12;Поверхность почвы влажная.;15;;
20.07.2021 06:00;18.1;755.5;755.9;-0.3;69;Ветер, дующий с юго-запада;3;;;70 – 80%.; ;;;17.9;;Слоисто-кучевые, образовавшиеся из кучевых.;70 – 80%.;600-1000;Высококучевых, высокослоистых или слоисто-дождевых облаков нет.;Перистых, перисто-кучевых или перисто-слоистых нет.;10;12.2;0.6;12;;;;
20.07.2021 03:00;18.2;755.8;756.1;-0.4;67;Ветер, дующий с северо-запада;1;;;90  или более, но не 100%;Состояние неба в общем не изменилось. ;Ливень (ливни).;Дождь.;;;Слоисто-кучевые, образовавшиеся не из кучевых.;90  или более, но не 100%;1500-2000;Высококучевых, высокослоистых или слоисто-дождевых облаков нет.;Перистых, перисто-кучевых или перисто-слоистых нет.;10;12;;;;;;
20.07.2021 00:00;18.8;756.2;756.6;-0.3;68;Ветер, дующий с западо-юго-запада;2;;;70 – 80%.;Ливневый(ые) дождь(и). ;Ливень (ливни).;Дождь.;;;Кучево-дождевые лысые с кучевыми, слоисто-кучевыми или слоистыми, либо без них.;70 – 80%.;300-600;Высококучевых, высокослоистых или слоисто-дождевых облаков нет.;Перистых, перисто-кучевых или перисто-слоистых нет.;10;12.8;;;;;;
19.07.2021 21:00;20.2;756.5;756.9;-0.2;53;Ветер, дующий с западо-северо-запада;2;;;20–30%.; ;;;;22.8;"Кучевые средние или мощные или вместе с кучевыми разорванными, или с кучевыми плоскими, или со слоисто-кучевыми, либо без них; основания всех этих облаков расположены на одном уровне.";20–30%.;300-600;Высококучевых, высокослоистых или слоисто-дождевых облаков нет.;Перистых, перисто-кучевых или перисто-слоистых нет.;10;10.2;Осадков нет;12;;;;
19.07.2021 18:00;21.6;756.7;757.1;0;47;Ветер, дующий с западо-северо-запада;4;;10;10%  или менее, но не 0; ;;;;;Слоисто-кучевых, слоистых, кучевых или кучево-дождевых облаков нет.;Облаков нет.;2500 или более, или облаков нет.;Высококучевых, высокослоистых или слоисто-дождевых облаков нет.;"Перистые плотные в виде клочьев или скрученных склонов, количество которых обычно не увеличивается, иногда могут казаться остатками верхней части кучево-дождевых; или перистые башенкообразные, или перистые хлопьевидные.";10;9.8;Осадков нет;12;;;;
19.07.2021 15:00;22;756.7;757.1;0.5;43;Ветер, дующий с запада;4;;;40%.; ;;;;;Кучевые плоские или кучевые разорванные, или те и другие вместе, не относящиеся к облакам плохой погоды.;10%  или менее, но не 0;300-600;Высококучевые, образовавшиеся из кучевых (или кучево-дождевых).;Перистых, перисто-кучевых или перисто-слоистых нет.;10;8.7;;;;;;
19.07.2021 12:00;22.1;756.2;756.6;0.7;45;Ветер, дующий с запада;3;;;20–30%.; ;;;;;Кучевые плоские или кучевые разорванные, или те и другие вместе, не относящиеся к облакам плохой погоды.;20–30%.;600-1000;Высококучевых, высокослоистых или слоисто-дождевых облаков нет.;Перистых, перисто-кучевых или перисто-слоистых нет.;10;9.6;;;;;;
19.07.2021 09:00;20.2;755.5;755.8;1.1;50;Ветер, дующий с северо-северо-запада;2;;;10%  или менее, но не 0; ;;;17.7;;Слоисто-кучевых, слоистых, кучевых или кучево-дождевых облаков нет.;Облаков нет.;2500 или более, или облаков нет.;Высококучевых, высокослоистых или слоисто-дождевых облаков нет.;Перистые нитевидные, иногда когтевидные, не распространяющиеся по небу.;10;9.4;Следы осадков;12;Cухая (без трещин, заметного количества пыли или сыпучего песка);17;;
19.07.2021 06:00;18;754.4;754.8;1.2;68;;;;;20–30%.; ;;;17.7;;Слоисто-кучевые, образовавшиеся из кучевых.;20–30%.;1000-1500;Высококучевые просвечивающие, расположенные на одном уровне.;Перистые нитевидные, иногда когтевидные, не распространяющиеся по небу.;20;11.9;0.9;12;;;;
19.07.2021 03:00;20.1;753.2;753.6;-0.1;86;Ветер, дующий с северо-северо-запада;2;;;60%.;Состояние неба в общем не изменилось. ;Ливень (ливни).;Облака покрывали более половины неба в течение всего соответствующего периода.;;;Слоисто-кучевые, образовавшиеся из кучевых.;20–30%.;300-600;Высококучевые просвечивающие, расположенные на одном уровне.;Перистые нитевидные, иногда когтевидные, не распространяющиеся по небу.;10;17.7;;;;;;
19.07.2021 00:00;21.7;753.3;753.7;-0.2;75;Ветер, дующий с западо-юго-запада;2;;;70 – 80%.;Состояние неба в общем не изменилось. ;Ливень (ливни).;Облака покрывали более половины неба в течение всего соответствующего периода.;;;"Кучевые средние или мощные или вместе с кучевыми разорванными, или с кучевыми плоскими, или со слоисто-кучевыми, либо без них; основания всех этих облаков расположены на одном уровне.";20–30%.;300-600;Высококучевых, высокослоистых или слоисто-дождевых облаков нет.;Перистые нитевидные, иногда когтевидные, не распространяющиеся по небу.;10;17;;;;;;
18.07.2021 21:00;22;753.5;754;0.3;67;Ветер, дующий с западо-юго-запада;3;;10;90  или более, но не 100%;Ливневый(ые) дождь(и) слабый(ые) в срок наблюдения или за последний час. ;Ливень (ливни).;Облака покрывали более половины неба в течение одной части соответствующего периода и половину или менее в течение другой части периода.;;29.8;Кучево-дождевые волокнистые (часто с наковальней), либо с кучево-дождевыми лысыми, кучевыми, слоистыми, разорванно-дождевыми, либо без них.;60%.;300-600;Высококучевые просвечивающие, расположенные на одном уровне.;Перистых, перисто-кучевых или перисто-слоистых нет.;4;15.6;0.9;12;;;;
18.07.2021 18:00;27.7;753.2;753.6;-0.5;39;Ветер, дующий с северо-запада;3;;;60%.; ;;;;;Кучевые плоские или кучевые разорванные, или те и другие вместе, не относящиеся к облакам плохой погоды.;20–30%.;600-1000;Высокослоистые просвечивающие.;Перисто-кучевые одни или перисто-кучевые, сопровождаемые перистыми или перисто-слоистыми, либо те и другие, но перисто-кучевые преобладают среди них.;10;12.5;Осадков нет;12;;;;
18.07.2021 15:00;29.2;753.7;754;-0.9;37;Ветер, дующий с западо-северо-запада;2;;;Облаков нет.; ;;;;;;;;;;10;13.1;;;;;;
18.07.2021 12:00;28.5;754.6;754.9;-0.9;41;Ветер, дующий с западо-юго-запада;3;;;70 – 80%.; ;;;;;Слоисто-кучевые, образовавшиеся из кучевых.;70 – 80%.;300-600;Высококучевых, высокослоистых или слоисто-дождевых облаков нет.;Перистых, перисто-кучевых или перисто-слоистых нет.;10;13.9;;;;;;
18.07.2021 09:00;24.9;755.5;755.8;-1.3;45;Ветер, дующий с юго-юго-запада;1;;;Облаков нет.; ;;;20.4;;;;;;;10;12.2;Осадков нет;12;Cухая (без трещин, заметного количества пыли или сыпучего песка);16;;
18.07.2021 06:00;20.8;756.8;757.2;-0.8;55;Ветер, дующий с юга;2;;;Облаков нет.; ;;;20.4;;;;;;;10;11.4;Осадков нет;12;;;;
18.07.2021 03:00;21.3;757.6;758;-0.8;55;Ветер, дующий с юго-юго-востока;1;;;Облаков нет.; ;;;;;;;;;;10;11.9;;;;;;
18.07.2021 00:00;22.6;758.4;758.8;-0.5;51;Ветер, дующий с востоко-юго-востока;1;;;Облаков нет.; ;;;;;;;;;;10;12;;;;;;
17.07.2021 21:00;24.6;758.9;759.3;-0.5;48;Штиль, безветрие;0;;;Облаков нет.; ;;;;27.3;;;;;;10;12.9;Осадков нет;12;;;;
17.07.2021 18:00;26.9;759.4;759.8;-1.2;39;Ветер, дующий с западо-юго-запада;2;;;Облаков нет.; ;;;;;;;;;;10;11.6;Осадков нет;12;;;;
17.07.2021 15:00;26.2;760.6;761;-0.6;35;Ветер, дующий с западо-юго-запада;3;;;Облаков нет.; ;;;;;;;;;;10;9.4;;;;;;
17.07.2021 12:00;26;761.2;761.6;-0.1;30;Ветер, дующий с северо-запада;2;;;Облаков нет.; ;;;;;;;;;;10;6.9;;;;;;
17.07.2021 09:00;24.3;761.3;761.7;0.6;42;Ветер, дующий с севера;1;;;Облаков нет.; ;;;19.4;;;;;;;10;10.7;Осадков нет;12;Cухая (без трещин, заметного количества пыли или сыпучего песка);17;;
17.07.2021 06:00;20.4;760.7;761.1;0.2;59;Штиль, безветрие;0;;;Облаков нет.; ;;;19.4;;;;;;;10;12.2;Осадков нет;12;;;;
17.07.2021 03:00;21.3;760.5;760.9;0.3;51;Штиль, безветрие;0;;;20–30%.; ;;;;;Слоисто-кучевых, слоистых, кучевых или кучево-дождевых облаков нет.;Облаков нет.;2500 или более, или облаков нет.;Высококучевых, высокослоистых или слоисто-дождевых облаков нет.;Перисто-кучевые одни или перисто-кучевые, сопровождаемые перистыми или перисто-слоистыми, либо те и другие, но перисто-кучевые преобладают среди них.;10;10.7;;;;;;
17.07.2021 00:00;24.6;760.2;760.6;0.6;55;Ветер, дующий с северо-северо-востока;1;;;60%.; ;;;;;Кучевые плоские или кучевые разорванные, или те и другие вместе, не относящиеся к облакам плохой погоды.;10%  или менее, но не 0;1000-1500;Высококучевых, высокослоистых или слоисто-дождевых облаков нет.;Перисто-кучевые одни или перисто-кучевые, сопровождаемые перистыми или перисто-слоистыми, либо те и другие, но перисто-кучевые преобладают среди них.;10;15;;;;;;
16.07.2021 21:00;27.1;759.6;760;0.8;54;Ветер, дующий с востока;1;;;90  или более, но не 100%; ;;;;30.5;Кучевые и слоисто-кучевые (но не слоисто-кучевые, образовавшиеся из кучевых), основания расположены на разных уровнях.;50%.;1000-1500;Высококучевые просвечивающие, расположенные на одном уровне.;Перисто-кучевые одни или перисто-кучевые, сопровождаемые перистыми или перисто-слоистыми, либо те и другие, но перисто-кучевые преобладают среди них.;10;16.9;Осадков нет;12;;;;
16.07.2021 18:00;29.8;758.8;759.2;-0.4;54;Ветер, дующий с северо-северо-запада;2;;;60%.; ;;;;;Кучевые плоские или кучевые разорванные, или те и другие вместе, не относящиеся к облакам плохой погоды.;40%.;1000-1500;Высококучевых, высокослоистых или слоисто-дождевых облаков нет.;Перистые нитевидные, иногда когтевидные, не распространяющиеся по небу.;10;19.5;Осадков нет;12;;;;
16.07.2021 15:00;28.9;759.2;759.6;-0.1;52;Ветер, дующий с запада;4;;10;20–30%.; ;;;;;Кучевые плоские или кучевые разорванные, или те и другие вместе, не относящиеся к облакам плохой погоды.;20–30%.;1000-1500;Высококучевых, высокослоистых или слоисто-дождевых облаков нет.;Перистых, перисто-кучевых или перисто-слоистых нет.;10;18.2;;;;;;
16.07.2021 12:00;29.4;759.3;759.7;0.5;60;Ветер, дующий с западо-юго-запада;3;;;40%.; ;;;;;Кучевые плоские или кучевые разорванные, или те и другие вместе, не относящиеся к облакам плохой погоды.;20–30%.;1000-1500;Высококучевых, высокослоистых или слоисто-дождевых облаков нет.;Перистые нитевидные, иногда когтевидные, не распространяющиеся по небу.;10;20.7;;;;;;
16.07.2021 09:00;27.1;758.8;759.2;0.2;76;Ветер, дующий с западо-юго-запада;2;;;Облаков нет.; ;;;24.8;;;;;;;10;22.4;Осадков нет;12;Cухая (без трещин, заметного количества пыли или сыпучего песка);22;;
16.07.2021 06:00;24.8;758.6;759;0.1;80;Ветер, дующий с запада;2;;;Облаков нет.; ;;;24.8;;;;;;;10;21.1;Осадков нет;12;;;;
16.07.2021 03:00;25.3;758.5;759;-0.1;76;Ветер, дующий с запада;1;;;Облаков нет.; ;;;;;;;;;;10;20.7;;;;;;
16.07.2021 00:00;26.2;NaN;759;0.4;69;Ветер, дующий с запада;1;;;Облаков нет.; ;;;;;;;;;;10;20;;;;;;
15.07.2021 21:00;28.3;758.2;758.6;-0.1;58;Ветер, дующий с запада;2;;;10%  или менее, но не 0; ;;;;33.6;Слоисто-кучевых, слоистых, кучевых или кучево-дождевых облаков нет.;Облаков нет.;2500 или более, или облаков нет.;Высококучевых, высокослоистых или слоисто-дождевых облаков нет.;Перистые нитевидные, иногда когтевидные, не распространяющиеся по небу.;10;19.3;Осадков нет;12;;;;
15.07.2021 18:00;29.9;758.3;758.8;0.1;39;Ветер, дующий с юго-запада;2;;12;100%.;Шквалы на станции или в поле зрения за последний час или в срок наблюдения. ;Облака покрывали более половины неба в течение всего соответствующего периода.;Облака покрывали более половины неба в течение всего соответствующего периода.;;;Кучево-дождевые лысые с кучевыми, слоисто-кучевыми или слоистыми, либо без них.;50%.;300-600;Высококучевых, высокослоистых или слоисто-дождевых облаков нет.;Перистые нитевидные, иногда когтевидные, не распространяющиеся по небу.;10;14.4;Осадков нет;12;;;;
15.07.2021 15:00;33.3;758.2;758.6;-0.9;33;Ветер, дующий с западо-юго-запада;2;;;100%.; ;;;;;"Кучевые средние или мощные или вместе с кучевыми разорванными, или с кучевыми плоскими, или со слоисто-кучевыми, либо без них; основания всех этих облаков расположены на одном уровне.";40%.;600-1000;Высококучевых, высокослоистых или слоисто-дождевых облаков нет.;Перистые нитевидные, иногда когтевидные, не распространяющиеся по небу.;10;14.9;;;;;;
15.07.2021 12:00;31.1;759.1;759.5;-0.5;41;Ветер, дующий с запада;2;;;20–30%.; ;;;;;Кучевые плоские или кучевые разорванные, или те и другие вместе, не относящиеся к облакам плохой погоды.;20–30%.;600-1000;Высококучевых, высокослоистых или слоисто-дождевых облаков нет.;Перисто-кучевые одни или перисто-кучевые, сопровождаемые перистыми или перисто-слоистыми, либо те и другие, но перисто-кучевые преобладают среди них.;10;16.3;;;;;;
15.07.2021 09:00;28;759.6;760;0.3;55;Ветер, дующий с запада;2;;;20–30%.; ;;;22.7;;Слоисто-кучевых, слоистых, кучевых или кучево-дождевых облаков нет.;Облаков нет.;2500 или более, или облаков нет.;Высококучевых, высокослоистых или слоисто-дождевых облаков нет.;Перисто-кучевые одни или перисто-кучевые, сопровождаемые перистыми или перисто-слоистыми, либо те и другие, но перисто-кучевые преобладают среди них.;10;18.2;Осадков нет;12;Cухая (без трещин, заметного количества пыли или сыпучего песка);20;;
15.07.2021 06:00;24;759.3;759.7;-0.3;83;Штиль, безветрие;0;;;90  или более, но не 100%; ;;;22.7;;Слоисто-кучевых, слоистых, кучевых или кучево-дождевых облаков нет.;Облаков нет.;2500 или более, или облаков нет.;Высококучевых, высокослоистых или слоисто-дождевых облаков нет.;Перистые когтевидные или нитевидные или первые и вторые, распространяющиеся по небу и в целом обычно уплотняющиеся.;10;21;Осадков нет;12;;;;
15.07.2021 03:00;23.3;759.6;760;-0.4;88;Штиль, безветрие;0;;;50%.; ;;;;;Слоисто-кучевых, слоистых, кучевых или кучево-дождевых облаков нет.;Облаков нет.;2500 или более, или облаков нет.;Высококучевых, высокослоистых или слоисто-дождевых облаков нет.;Перистые нитевидные, иногда когтевидные, не распространяющиеся по небу.;10;21.2;;;;;;
15.07.2021 00:00;26.4;760;760.4;0.2;69;Ветер, дующий с запада;1;;;70 – 80%.; ;;;;;Слоисто-кучевых, слоистых, кучевых или кучево-дождевых облаков нет.;Облаков нет.;2500 или более, или облаков нет.;Высококучевых, высокослоистых или слоисто-дождевых облаков нет.;Перистые нитевидные, иногда когтевидные, не распространяющиеся по небу.;10;20.2;;;;;;
14.07.2021 21:00;29.5;759.8;760.2;-0.5;44;Ветер, дующий с востоко-юго-востока;1;;;70 – 80%.; ;;;;32.8;Слоисто-кучевых, слоистых, кучевых или кучево-дождевых облаков нет.;Облаков нет.;2500 или более, или облаков нет.;Высококучевых, высокослоистых или слоисто-дождевых облаков нет.;Перистые нитевидные, иногда когтевидные, не распространяющиеся по небу.;10;16.1;Осадков нет;12;;;;
14.07.2021 18:00;31.8;760.3;760.7;-0.6;35;Ветер, дующий с западо-северо-запада;2;;;90  или более, но не 100%; ;;;;;"Кучевые средние или мощные или вместе с кучевыми разорванными, или с кучевыми плоскими, или со слоисто-кучевыми, либо без них; основания всех этих облаков расположены на одном уровне.";40%.;600-1000;Высококучевых, высокослоистых или слоисто-дождевых облаков нет.;Перистые нитевидные, иногда когтевидные, не распространяющиеся по небу.;10;14.7;Осадков нет;12;;;;
14.07.2021 15:00;31.5;760.9;761.2;-0.6;37;Ветер, дующий с западо-юго-запада;2;;;50%.; ;;;;;Слоисто-кучевых, слоистых, кучевых или кучево-дождевых облаков нет.;Облаков нет.;2500 или более, или облаков нет.;Высококучевых, высокослоистых или слоисто-дождевых облаков нет.;Перистые нитевидные, иногда когтевидные, не распространяющиеся по небу.;10;15.2;;;;;;
14.07.2021 12:00;30.1;761.5;761.8;-0.3;47;Ветер, дующий с западо-юго-запада;2;;;10%  или менее, но не 0; ;;;;;Кучевые плоские или кучевые разорванные, или те и другие вместе, не относящиеся к облакам плохой погоды.;10%  или менее, но не 0;300-600;Высококучевых, высокослоистых или слоисто-дождевых облаков нет.;Перистых, перисто-кучевых или перисто-слоистых нет.;10;17.5;;;;;;
14.07.2021 09:00;28.7;761.8;762.3;-0.3;43;Ветер, дующий с юга;1;;;10%  или менее, но не 0; ;;;22.1;;Слоисто-кучевых, слоистых, кучевых или кучево-дождевых облаков нет.;Облаков нет.;2500 или более, или облаков нет.;Высококучевых, высокослоистых или слоисто-дождевых облаков нет.;Перистые нитевидные, иногда когтевидные, не распространяющиеся по небу.;10;14.8;Осадков нет;12;Cухая (без трещин, заметного количества пыли или сыпучего песка);20;;
14.07.2021 06:00;23.8;762.1;762.5;-0.3;70;Штиль, безветрие;0;;;100%.; ;;;22.1;;Слоисто-кучевые, образовавшиеся из кучевых.;50%.;300-600;Высококучевые просвечивающие, расположенные на одном уровне.;Перистые нитевидные, иногда когтевидные, не распространяющиеся по небу.;10;18;Осадков нет;12;;;;
14.07.2021 03:00;23.1;762.4;762.8;0;72;Штиль, безветрие;0;;;100%.; ;;;;;"Кучевые средние или мощные или вместе с кучевыми разорванными, или с кучевыми плоскими, или со слоисто-кучевыми, либо без них; основания всех этих облаков расположены на одном уровне.";50%.;300-600;Высококучевые просвечивающие, расположенные на одном уровне.;Перистые нитевидные, иногда когтевидные, не распространяющиеся по небу.;10;17.7;;;;;;
14.07.2021 00:00;24.4;762.4;762.8;-0.1;64;Штиль, безветрие;0;;;100%.; ;;;;;Слоисто-кучевые, образовавшиеся из кучевых.;60%.;600-1000;Высококучевые просвечивающие, расположенные на одном уровне.;Перистые нитевидные, иногда когтевидные, не распространяющиеся по небу.;10;17.1;;;;;;
13.07.2021 21:00;27;762.5;762.9;-0.2;56;Штиль, безветрие;0;;;100%.; ;;;;32.2;Кучевые плоские или кучевые разорванные, или те и другие вместе, не относящиеся к облакам плохой погоды.;10%  или менее, но не 0;300-600;Высококучевые, просвечивающие или плотные в двух или более слоях или высококучевые плотные в одном слое, не распространяющиеся но небу, либо высококучевые с высокослоистыми или слоисто-дождевыми.;Перистые нитевидные, иногда когтевидные, не распространяющиеся по небу.;10;17.4;Осадков нет;12;;;;
13.07.2021 18:00;30.3;762.7;763;-0.9;43;Ветер, дующий с юго-запада;2;;;100%.; ;;;;;Слоисто-кучевых, слоистых, кучевых или кучево-дождевых облаков нет.;Облаков нет.;2500 или более, или облаков нет.;Высококучевые, просвечивающие или плотные в двух или более слоях или высококучевые плотные в одном слое, не распространяющиеся но небу, либо высококучевые с высокослоистыми или слоисто-дождевыми.;Перистые нитевидные, иногда когтевидные, не распространяющиеся по небу.;10;16.4;Осадков нет;12;;;;
13.07.2021 15:00;31.1;763.6;764;-0.6;26;Ветер, дующий с западо-юго-запада;2;;;100%.; ;;;;;"Кучевые средние или мощные или вместе с кучевыми разорванными, или с кучевыми плоскими, или со слоисто-кучевыми, либо без них; основания всех этих облаков расположены на одном уровне.";10%  или менее, но не 0;300-600;Высококучевые просвечивающие, расположенные на одном уровне.;Перисто-кучевые одни или перисто-кучевые, сопровождаемые перистыми или перисто-слоистыми, либо те и другие, но перисто-кучевые преобладают среди них.;10;9.4;;;;;;
13.07.2021 12:00;29.6;764.2;764.6;-0.3;32;Ветер, дующий с юго-запада;2;;;100%.; ;;;;;Слоисто-кучевых, слоистых, кучевых или кучево-дождевых облаков нет.;Облаков нет.;2500 или более, или облаков нет.;Высококучевых, высокослоистых или слоисто-дождевых облаков нет.;Перистые нитевидные, иногда когтевидные, не распространяющиеся по небу.;10;11.2;;;;;;
13.07.2021 09:00;26.2;764.5;764.8;0;54;Ветер, дующий с западо-юго-запада;1;;;70 – 80%.; ;;;19.2;;Слоисто-кучевых, слоистых, кучевых или кучево-дождевых облаков нет.;Облаков нет.;2500 или более, или облаков нет.;Высококучевые башенкообразные или хлопьевидные.;Перистые нитевидные, иногда когтевидные, не распространяющиеся по небу.;10;16.1;Осадков нет;12;Cухая (без трещин, заметного количества пыли или сыпучего песка);16;;
13.07.2021 06:00;20.5;764.5;764.9;-0.2;76;Штиль, безветрие;0;;;Облаков нет.; ;;;19.2;;;;;;;10;16;Осадков нет;12;;;;
13.07.2021 03:00;20.4;764.7;765.1;0.2;86;Штиль, безветрие;0;;;Облаков нет.; ;;;;;;;;;;10;17.9;;;;;;
13.07.2021 00:00;22.2;764.5;764.8;0.3;70;Ветер, дующий с западо-северо-запада;1;;;Облаков нет.; ;;;;;;;;;;10;16.4;;;;;;
12.07.2021 21:00;25.2;764.2;764.6;-0.3;48;Ветер, дующий с запада;2;;;Облаков нет.; ;;;;30.1;;;;;;10;13.3;Осадков нет;12;;;;
12.07.2021 18:00;28.7;764.5;764.9;-0.5;32;Ветер, дующий с западо-северо-запада;2;;;Облаков нет.; ;;;;;;;;;;10;10.4;Осадков нет;12;;;;
12.07.2021 15:00;29;765;765.4;-0.4;32;Ветер, дующий с западо-юго-запада;2;;;Облаков нет.; ;;;;;;;;;;10;10.8;;;;;;
12.07.2021 12:00;26.8;765.4;765.8;0;45;Ветер, дующий с западо-юго-запада;3;;;Облаков нет.; ;;;;;;;;;;10;13.7;;;;;;
12.07.2021 09:00;24.5;765.4;765.8;0.3;73;Ветер, дующий с юго-запада;2;;;Облаков нет.; ;;;22;;;;;;;10;19.3;Осадков нет;12;Cухая (без трещин, заметного количества пыли или сыпучего песка);20;;
12.07.2021 06:00;22.6;765.1;765.5;0.3;78;Ветер, дующий с запада;2;;;Облаков нет.; ;;;22;;;;;;;10;18.6;Осадков нет;12;;;;
12.07.2021 03:00;22.2;764.8;765.2;0.5;78;Ветер, дующий с северо-запада;1;;;Облаков нет.; ;;;;;;;;;;10;18.1;;;;;;
12.07.2021 00:00;24.2;764.3;764.7;0.8;66;Ветер, дующий с северо-запада;1;;;Облаков нет.; ;;;;;;;;;;10;17.4;;;;;;
11.07.2021 21:00;26;763.5;763.9;0.4;67;Ветер, дующий с запада;2;;;Облаков нет.; ;;;;34.2;;;;;;10;19.3;Осадков нет;12;;;;
11.07.2021 18:00;29;763.1;763.5;0;59;Ветер, дующий с западо-юго-запада;2;;;10%  или менее, но не 0; ;;;;;Кучевые плоские или кучевые разорванные, или те и другие вместе, не относящиеся к облакам плохой погоды.;10%  или менее, но не 0;1000-1500;Высококучевых, высокослоистых или слоисто-дождевых облаков нет.;Перистых, перисто-кучевых или перисто-слоистых нет.;10;20.3;Осадков нет;12;;;;
11.07.2021 15:00;33.7;763.1;763.5;-0.3;25;Ветер, дующий с западо-юго-запада;2;;;20–30%.; ;;;;;Кучевые плоские или кучевые разорванные, или те и другие вместе, не относящиеся к облакам плохой погоды.;20–30%.;1000-1500;Высококучевых, высокослоистых или слоисто-дождевых облаков нет.;Перистых, перисто-кучевых или перисто-слоистых нет.;10;11.1;;;;;;
11.07.2021 12:00;32.3;763.4;763.8;0.1;25;Ветер, дующий с запада;3;;;40%.; ;;;;;Кучевые плоские или кучевые разорванные, или те и другие вместе, не относящиеся к облакам плохой погоды.;20–30%.;1000-1500;Высококучевых, высокослоистых или слоисто-дождевых облаков нет.;Перистые нитевидные, иногда когтевидные, не распространяющиеся по небу.;10;10.1;;;;;;
11.07.2021 09:00;30.2;763.3;763.6;-0.1;46;Ветер, дующий с юга;1;;;Облаков нет.; ;;;23.9;;;;;;;10;17.4;Осадков нет;12;Cухая (без трещин, заметного количества пыли или сыпучего песка);21;;
11.07.2021 06:00;25.3;763.4;763.8;-0.1;64;Ветер, дующий с востоко-юго-востока;1;;;Облаков нет.; ;;;23.9;;;;;;;10;18.1;Осадков нет;12;;;;
11.07.2021 03:00;25.6;763.5;763.9;0.1;66;Ветер, дующий с востока;1;;;Облаков нет.; ;;;;;;;;;;10;18.8;;;;;;
11.07.2021 00:00;26.5;763.4;763.8;0.3;65;Штиль, безветрие;0;;;Облаков нет.; ;;;;;;;;;;10;19.3;;;;;;
10.07.2021 21:00;29.5;763.1;763.5;-0.3;43;Штиль, безветрие;0;;;20–30%.; ;;;;32.9;Слоисто-кучевых, слоистых, кучевых или кучево-дождевых облаков нет.;20–30%.;2500 или более, или облаков нет.;"Клочья (часто чечевицеобразные) высококучевых просвечивающих, непрерывно изменяющихся; расположены на одном или более уровнях.";Перистых, перисто-кучевых или перисто-слоистых нет.;10;15.8;Осадков нет;12;;;;
10.07.2021 18:00;31.6;763.4;763.8;-0.6;45;Ветер, дующий с востоко-северо-востока;1;;;20–30%.; ;;;;;"Кучевые средние или мощные или вместе с кучевыми разорванными, или с кучевыми плоскими, или со слоисто-кучевыми, либо без них; основания всех этих облаков расположены на одном уровне.";20–30%.;1500-2000;Высококучевых, высокослоистых или слоисто-дождевых облаков нет.;Перистых, перисто-кучевых или перисто-слоистых нет.;10;18.3;Осадков нет;12;;;;
10.07.2021 15:00;32;764;764.4;-1.1;41;Штиль, безветрие;0;;;60%.; ;;;;;"Кучевые средние или мощные или вместе с кучевыми разорванными, или с кучевыми плоскими, или со слоисто-кучевыми, либо без них; основания всех этих облаков расположены на одном уровне.";60%.;1500-2000;Высококучевых, высокослоистых или слоисто-дождевых облаков нет.;Перистых, перисто-кучевых или перисто-слоистых нет.;10;17.1;;;;;;
10.07.2021 12:00;31.1;765.1;765.4;-0.1;47;Ветер, дующий с востока;1;;;10%  или менее, но не 0; ;;;;;Кучевые плоские или кучевые разорванные, или те и другие вместе, не относящиеся к облакам плохой погоды.;10%  или менее, но не 0;600-1000;Высококучевых, высокослоистых или слоисто-дождевых облаков нет.;Перистых, перисто-кучевых или перисто-слоистых нет.;10;18.4;;;;;;
10.07.2021 09:00;27.4;765.2;765.6;-0.1;60;Ветер, дующий с востоко-юго-востока;2;;;Облаков нет.; ;;;21.2;;;;;;;10;19;Осадков нет;12;Cухая (без трещин, заметного количества пыли или сыпучего песка);20;;
10.07.2021 06:00;22.7;765.3;765.7;-0.4;73;Ветер, дующий с востока;1;;;Облаков нет.; ;;;21.2;;;;;;;10;17.5;Осадков нет;12;;;;
10.07.2021 03:00;21.8;765.7;766.2;0.3;71;Штиль, безветрие;0;;;Облаков нет.; ;;;;;;;;;;10;16.3;;;;;;
10.07.2021 00:00;24.8;765.4;765.8;-0.1;57;Ветер, дующий с востока;1;;;70 – 80%.; ;;;;;Слоисто-кучевых, слоистых, кучевых или кучево-дождевых облаков нет.;Облаков нет.;2500 или более, или облаков нет.;Высококучевые просвечивающие, расположенные на одном уровне.;Перисто-кучевые одни или перисто-кучевые, сопровождаемые перистыми или перисто-слоистыми, либо те и другие, но перисто-кучевые преобладают среди них.;10;15.8;;;;;;
09.07.2021 21:00;27.3;765.5;765.9;0.1;59;Штиль, безветрие;0;;;70 – 80%.; ;;;;29.7;"Кучевые средние или мощные или вместе с кучевыми разорванными, или с кучевыми плоскими, или со слоисто-кучевыми, либо без них; основания всех этих облаков расположены на одном уровне.";20–30%.;300-600;Высококучевые, просвечивающие или плотные в двух или более слоях или высококучевые плотные в одном слое, не распространяющиеся но небу, либо высококучевые с высокослоистыми или слоисто-дождевыми.;Перисто-кучевые одни или перисто-кучевые, сопровождаемые перистыми или перисто-слоистыми, либо те и другие, но перисто-кучевые преобладают среди них.;10;18.6;Осадков нет;12;;;;
09.07.2021 18:00;29.2;765.4;765.8;-0.8;52;Ветер, дующий с юго-запада;2;;;40%.; ;;;;;Слоисто-кучевых, слоистых, кучевых или кучево-дождевых облаков нет.;Облаков нет.;2500 или более, или облаков нет.;Высококучевые, просвечивающие или плотные в двух или более слоях или высококучевые плотные в одном слое, не распространяющиеся но небу, либо высококучевые с высокослоистыми или слоисто-дождевыми.;Перистые нитевидные, иногда когтевидные, не распространяющиеся по небу.;10;18.4;Осадков нет;12;;;;
09.07.2021 15:00;28.6;766.2;766.6;-0.5;54;Ветер, дующий с западо-юго-запада;3;;;70 – 80%.; ;;;;;"Кучевые средние или мощные или вместе с кучевыми разорванными, или с кучевыми плоскими, или со слоисто-кучевыми, либо без них; основания всех этих облаков расположены на одном уровне.";20–30%.;600-1000;Высококучевых, высокослоистых или слоисто-дождевых облаков нет.;Перисто-кучевые одни или перисто-кучевые, сопровождаемые перистыми или перисто-слоистыми, либо те и другие, но перисто-кучевые преобладают среди них.;10;18.3;;;;;;
09.07.2021 12:00;26.7;766.7;767;-0.1;59;Ветер, дующий с запада;2;;;60%.; ;;;;;"Кучевые средние или мощные или вместе с кучевыми разорванными, или с кучевыми плоскими, или со слоисто-кучевыми, либо без них; основания всех этих облаков расположены на одном уровне.";20–30%.;300-600;Высококучевые, просвечивающие или плотные в двух или более слоях или высококучевые плотные в одном слое, не распространяющиеся но небу, либо высококучевые с высокослоистыми или слоисто-дождевыми.;Перисто-кучевые одни или перисто-кучевые, сопровождаемые перистыми или перисто-слоистыми, либо те и другие, но перисто-кучевые преобладают среди них.;10;18.1;;;;;;
09.07.2021 09:00;23.2;766.8;767.2;0.7;86;Ветер, дующий с запада;2;;;100%.; ;;;22.1;;Слоисто-кучевые, образовавшиеся из кучевых.;100%.;300-600;;;10;20.7;Осадков нет;12;Cухая (без трещин, заметного количества пыли или сыпучего песка);21;;
09.07.2021 06:00;22.3;766.1;766.5;-0.5;90;Ветер, дующий с запада;1;;;90  или более, но не 100%; ;;;22.1;;Слоисто-кучевых, слоистых, кучевых или кучево-дождевых облаков нет.;90  или более, но не 100%;2500 или более, или облаков нет.;Высококучевые, просвечивающие или плотные в двух или более слоях или высококучевые плотные в одном слое, не распространяющиеся но небу, либо высококучевые с высокослоистыми или слоисто-дождевыми.;Перистых, перисто-кучевых или перисто-слоистых нет.;10;20.5;Осадков нет;12;;;;
09.07.2021 03:00;22.6;766.6;767;0.5;87;Ветер, дующий с запада;2;;;Облаков нет.; ;;;;;;;;;;10;20.4;;;;;;
09.07.2021 00:00;23.8;766.1;766.5;0.4;76;Ветер, дующий с запада;1;;;Облаков нет.; ;;;;;;;;;;10;19.4;;;;;;
08.07.2021 21:00;25.5;765.7;766.1;0.6;68;Ветер, дующий с западо-северо-запада;1;;;90  или более, но не 100%; ;;;;33.5;Слоисто-кучевых, слоистых, кучевых или кучево-дождевых облаков нет.;90  или более, но не 100%;2500 или более, или облаков нет.;Высококучевые просвечивающие, расположенные на одном уровне.;Перистые нитевидные, иногда когтевидные, не распространяющиеся по небу.;10;19.2;Осадков нет;12;;;;
08.07.2021 18:00;30.5;765.1;765.5;-0.3;42;Ветер, дующий с запада;1;;;70 – 80%.; ;;;;;Слоисто-кучевых, слоистых, кучевых или кучево-дождевых облаков нет.;70 – 80%.;2000-2500;Высококучевые, просвечивающие или плотные в двух или более слоях или высококучевые плотные в одном слое, не распространяющиеся но небу, либо высококучевые с высокослоистыми или слоисто-дождевыми.;Перистые нитевидные, иногда когтевидные, не распространяющиеся по небу.;10;16.3;Осадков нет;12;;;;
08.07.2021 15:00;32.8;765.4;765.7;-0.9;35;Ветер, дующий с юго-запада;3;;;60%.; ;;;;;Слоисто-кучевых, слоистых, кучевых или кучево-дождевых облаков нет.;60%.;2500 или более, или облаков нет.;Высококучевые просвечивающие, расположенные на одном уровне.;Перистые нитевидные, иногда когтевидные, не распространяющиеся по небу.;10;15.4;;;;;;
08.07.2021 12:00;31.2;766.3;766.6;0;37;Ветер, дующий с юго-юго-запада;3;;;20–30%.; ;;;;;Слоисто-кучевых, слоистых, кучевых или кучево-дождевых облаков нет.;20–30%.;2500 или более, или облаков нет.;Высококучевых, высокослоистых или слоисто-дождевых облаков нет.;Перистых, перисто-кучевых или перисто-слоистых нет.;10;15;;;;;;
08.07.2021 09:00;27.4;766.3;766.6;0.2;53;Ветер, дующий с юго-юго-запада;1;;;60%.; ;;;23.2;;Кучевые плоские или кучевые разорванные, или те и другие вместе, не относящиеся к облакам плохой погоды.;40%.;1000-1500;Высококучевые просвечивающие, расположенные на одном уровне.;Перистых, перисто-кучевых или перисто-слоистых нет.;10;16.9;Осадков нет;12;Cухая (без трещин, заметного количества пыли или сыпучего песка);21;;
08.07.2021 06:00;24.1;766.1;766.5;0.1;60;Штиль, безветрие;0;;;20–30%.; ;;;23.2;;Кучевые плоские или кучевые разорванные, или те и другие вместе, не относящиеся к облакам плохой погоды.;10%  или менее, но не 0;1000-1500;Высококучевые просвечивающие, расположенные на одном уровне.;Перистые нитевидные, иногда когтевидные, не распространяющиеся по небу.;10;15.9;Осадков нет;12;;;;
08.07.2021 03:00;24.2;766;766.4;0.3;60;Ветер, дующий с юга;1;;;Облаков нет.; ;;;;;;;;;;10;15.9;;;;;;
08.07.2021 00:00;26;765.7;766.1;0.7;50;Ветер, дующий с юга;2;;;20–30%.; ;;;;;Слоисто-кучевых, слоистых, кучевых или кучево-дождевых облаков нет.;Облаков нет.;2500 или более, или облаков нет.;Высококучевых, высокослоистых или слоисто-дождевых облаков нет.;Перистые нитевидные, иногда когтевидные, не распространяющиеся по небу.;10;14.9;;;;;;
07.07.2021 21:00;28.7;765;765.4;0.3;39;Ветер, дующий с юга;2;;;60%.; ;;;;31.8;Слоисто-кучевых, слоистых, кучевых или кучево-дождевых облаков нет.;Облаков нет.;2500 или более, или облаков нет.;Высококучевых, высокослоистых или слоисто-дождевых облаков нет.;Перистые когтевидные или нитевидные или первые и вторые, распространяющиеся по небу и в целом обычно уплотняющиеся.;10;13.4;Осадков нет;12;;;;
07.07.2021 18:00;30.7;764.7;765.1;-0.5;34;Ветер, дующий с юго-юго-запада;3;;;40%.; ;;;;;Кучевые плоские или кучевые разорванные, или те и другие вместе, не относящиеся к облакам плохой погоды.;20–30%.;1000-1500;Высококучевых, высокослоистых или слоисто-дождевых облаков нет.;Перистые нитевидные, иногда когтевидные, не распространяющиеся по небу.;10;12.9;Осадков нет;12;;;;
07.07.2021 15:00;30.7;765.2;765.6;0.1;34;Ветер, дующий с западо-юго-запада;3;;;40%.; ;;;;;Кучевые плоские или кучевые разорванные, или те и другие вместе, не относящиеся к облакам плохой погоды.;20–30%.;1000-1500;Высококучевых, высокослоистых или слоисто-дождевых облаков нет.;Перистые нитевидные, иногда когтевидные, не распространяющиеся по небу.;10;13.2;;;;;;
07.07.2021 12:00;29.2;765.1;765.5;0.3;34;Ветер, дующий с юго-юго-запада;3;;;20–30%.; ;;;;;Слоисто-кучевых, слоистых, кучевых или кучево-дождевых облаков нет.;Облаков нет.;2500 или более, или облаков нет.;Высококучевых, высокослоистых или слоисто-дождевых облаков нет.;Перистые нитевидные, иногда когтевидные, не распространяющиеся по небу.;10;11.9;;;;;;
07.07.2021 09:00;26.4;764.8;765.1;0.6;42;Ветер, дующий с юго-юго-запада;2;;;70 – 80%.; ;;;21.7;;Слоисто-кучевых, слоистых, кучевых или кучево-дождевых облаков нет.;60%.;2500 или более, или облаков нет.;Высококучевые просвечивающие, расположенные на одном уровне.;Перистые нитевидные, иногда когтевидные, не распространяющиеся по небу.;10;12.4;Осадков нет;12;Cухая (без трещин, заметного количества пыли или сыпучего песка);19;;
07.07.2021 06:00;22.2;764.2;764.5;0.3;56;Ветер, дующий с востоко-юго-востока;1;;;70 – 80%.; ;;;21.7;;Слоисто-кучевых, слоистых, кучевых или кучево-дождевых облаков нет.;20–30%.;2500 или более, или облаков нет.;Высококучевые просвечивающие, расположенные на одном уровне.;Перистые нитевидные, иногда когтевидные, не распространяющиеся по небу.;10;12.9;Осадков нет;12;;;;
07.07.2021 03:00;23.2;763.9;764.3;0.6;50;Ветер, дующий с юга;2;;;60%.; ;;;;;Слоисто-кучевых, слоистых, кучевых или кучево-дождевых облаков нет.;60%.;2500 или более, или облаков нет.;Высококучевые просвечивающие, расположенные на одном уровне.;Перистых, перисто-кучевых или перисто-слоистых нет.;10;12.2;;;;;;
07.07.2021 00:00;24.7;763.3;763.6;0.6;41;Ветер, дующий с юга;2;;;50%.; ;;;;;Слоисто-кучевых, слоистых, кучевых или кучево-дождевых облаков нет.;Облаков нет.;2500 или более, или облаков нет.;Высококучевых, высокослоистых или слоисто-дождевых облаков нет.;Перистые нитевидные, иногда когтевидные, не распространяющиеся по небу.;10;10.4;;;;;;
06.07.2021 21:00;26.9;762.7;763;0.2;30;Ветер, дующий с юга;3;;;70 – 80%.; ;;;;30.5;Слоисто-кучевых, слоистых, кучевых или кучево-дождевых облаков нет.;Облаков нет.;2500 или более, или облаков нет.;Высококучевых, высокослоистых или слоисто-дождевых облаков нет.;Перистые нитевидные, иногда когтевидные, не распространяющиеся по небу.;10;7.7;Осадков нет;12;;;;
06.07.2021 18:00;28.3;762.5;762.9;-0.3;25;Ветер, дующий с востока;2;;;70 – 80%.; ;;;;;Слоисто-кучевых, слоистых, кучевых или кучево-дождевых облаков нет.;Облаков нет.;2500 или более, или облаков нет.;Высококучевых, высокослоистых или слоисто-дождевых облаков нет.;Перистые нитевидные, иногда когтевидные, не распространяющиеся по небу.;10;6.7;Осадков нет;12;;;;
06.07.2021 15:00;29.1;762.8;763.2;-0.3;26;Ветер, дующий с юга;2;;;70 – 80%.; ;;;;;Слоисто-кучевых, слоистых, кучевых или кучево-дождевых облаков нет.;Облаков нет.;2500 или более, или облаков нет.;Высококучевых, высокослоистых или слоисто-дождевых облаков нет.;Перистые нитевидные, иногда когтевидные, не распространяющиеся по небу.;10;7.5;;;;;;
06.07.2021 12:00;27.7;763.1;763.5;0.1;30;Ветер, дующий с юга;3;;;70 – 80%.; ;;;;;Слоисто-кучевых, слоистых, кучевых или кучево-дождевых облаков нет.;70 – 80%.;2500 или более, или облаков нет.;Высококучевых, высокослоистых или слоисто-дождевых облаков нет.;Перистые нитевидные, иногда когтевидные, не распространяющиеся по небу.;10;8.6;;;;;;
06.07.2021 09:00;24.3;763;763.4;0;41;Ветер, дующий с востоко-юго-востока;1;;;70 – 80%.; ;;;19.3;;Слоисто-кучевых, слоистых, кучевых или кучево-дождевых облаков нет.;Облаков нет.;2500 или более, или облаков нет.;Высококучевых, высокослоистых или слоисто-дождевых облаков нет.;Перистые нитевидные, иногда когтевидные, не распространяющиеся по небу.;10;10.2;Осадков нет;12;Cухая (без трещин, заметного количества пыли или сыпучего песка);15;;
06.07.2021 06:00;20.3;763;763.4;0.1;48;Ветер, дующий с востоко-юго-востока;2;;;70 – 80%.; ;;;19.3;;Слоисто-кучевых, слоистых, кучевых или кучево-дождевых облаков нет.;Облаков нет.;2500 или более, или облаков нет.;Высококучевых, высокослоистых или слоисто-дождевых облаков нет.;Перистые нитевидные, иногда когтевидные, не распространяющиеся по небу.;10;8.8;Осадков нет;12;;;;
06.07.2021 03:00;19.6;762.9;763.3;0.3;58;Ветер, дующий с востока;1;;;40%.; ;;;;;Слоисто-кучевых, слоистых, кучевых или кучево-дождевых облаков нет.;Облаков нет.;2500 или более, или облаков нет.;Высококучевых, высокослоистых или слоисто-дождевых облаков нет.;Перистые нитевидные, иногда когтевидные, не распространяющиеся по небу.;10;11.1;;;;;;
06.07.2021 00:00;21.2;762.6;763;0.5;66;Штиль, безветрие;0;;;20–30%.; ;;;;;Слоисто-кучевых, слоистых, кучевых или кучево-дождевых облаков нет.;Облаков нет.;2500 или более, или облаков нет.;Высококучевых, высокослоистых или слоисто-дождевых облаков нет.;Перистые нитевидные, иногда когтевидные, не распространяющиеся по небу.;10;14.5;;;;;;
05.07.2021 21:00;25.8;762.1;762.4;0.2;42;Ветер, дующий с востоко-северо-востока;1;;;20–30%.; ;;;;29.9;Слоисто-кучевых, слоистых, кучевых или кучево-дождевых облаков нет.;Облаков нет.;2500 или более, или облаков нет.;Высококучевых, высокослоистых или слоисто-дождевых облаков нет.;Перистые нитевидные, иногда когтевидные, не распространяющиеся по небу.;10;11.8;Осадков нет;12;;;;
05.07.2021 18:00;28.9;761.9;762.3;-0.8;33;Ветер, дующий с востока;1;;;20–30%.; ;;;;;Слоисто-кучевых, слоистых, кучевых или кучево-дождевых облаков нет.;Облаков нет.;2500 или более, или облаков нет.;Высококучевые башенкообразные или хлопьевидные.;Перистых, перисто-кучевых или перисто-слоистых нет.;10;10.9;Осадков нет;12;;;;
05.07.2021 15:00;29.6;762.7;763.1;-0.8;32;Ветер, дующий с севера;1;;;20–30%.; ;;;;;Кучевые плоские или кучевые разорванные, или те и другие вместе, не относящиеся к облакам плохой погоды.;20–30%.;600-1000;Высококучевые башенкообразные или хлопьевидные.;Перистых, перисто-кучевых или перисто-слоистых нет.;10;11.2;;;;;;
05.07.2021 12:00;28;763.5;763.9;-0.2;33;Ветер, дующий с юго-юго-востока;1;;;70 – 80%.; ;;;;;Кучевые плоские или кучевые разорванные, или те и другие вместе, не относящиеся к облакам плохой погоды.;40%.;600-1000;Высококучевые башенкообразные или хлопьевидные.;Перистых, перисто-кучевых или перисто-слоистых нет.;10;10.1;;;;;;
05.07.2021 09:00;24.4;763.7;764.1;-0.1;50;Штиль, безветрие;0;;;Облаков нет.; ;;;17.8;;;;;;;10;13.4;Осадков нет;12;Cухая (без трещин, заметного количества пыли или сыпучего песка);14;;
05.07.2021 06:00;19.3;763.8;764.2;0.2;64;Штиль, безветрие;0;;;Облаков нет.; ;;;17.8;;;;;;;10;12.2;Осадков нет;12;;;;
05.07.2021 03:00;18.4;763.6;763.9;0.5;79;Штиль, безветрие;0;;;Облаков нет.; ;;;;;;;;;;10;14.7;;;;;;
05.07.2021 00:00;20.7;763.1;763.5;0.6;65;Штиль, безветрие;0;;;Облаков нет.; ;;;;;;;;;;10;13.9;;;;;;
04.07.2021 21:00;24.5;762.5;762.9;0;45;Ветер, дующий с северо-востока;1;;;Облаков нет.; ;;;;29.2;;;;;;10;11.6;Осадков нет;12;;;;
04.07.2021 18:00;27.3;762.5;762.9;-0.3;34;Ветер, дующий с востоко-северо-востока;1;;;Облаков нет.; ;;;;;;;;;;10;10;Осадков нет;12;;;;
04.07.2021 15:00;28.1;762.8;763.2;-0.7;32;Ветер, дующий с востоко-северо-востока;2;;;40%.; ;;;;;Слоисто-кучевых, слоистых, кучевых или кучево-дождевых облаков нет.;40%.;2500 или более, или облаков нет.;Высококучевые просвечивающие, расположенные на одном уровне.;Перистые нитевидные, иногда когтевидные, не распространяющиеся по небу.;10;9.7;;;;;;
04.07.2021 12:00;27.7;763.5;763.9;0;33;Ветер, дующий с востока;2;;;20–30%.; ;;;;;Слоисто-кучевых, слоистых, кучевых или кучево-дождевых облаков нет.;20–30%.;2500 или более, или облаков нет.;Высококучевые просвечивающие, расположенные на одном уровне.;Перистых, перисто-кучевых или перисто-слоистых нет.;10;9.9;;;;;;
04.07.2021 09:00;24.6;763.5;763.9;0.4;50;Штиль, безветрие;0;;;Облаков нет.; ;;;17.7;;;;;;;10;13.6;Осадков нет;12;Cухая (без трещин, заметного количества пыли или сыпучего песка);14;;
04.07.2021 06:00;19;763.1;763.5;0.4;72;Штиль, безветрие;0;;;Облаков нет.; ;;;17.7;;;;;;;10;13.8;Осадков нет;12;;;;
04.07.2021 03:00;18.1;762.7;763.1;0.4;75;Штиль, безветрие;0;;;Облаков нет.; ;;;;;;;;;;10;13.5;;;;;;
04.07.2021 00:00;19.7;762.3;762.7;0.5;56;Ветер, дующий с северо-востока;1;;;Облаков нет.; ;;;;;;;;;;10;10.6;;;;;;
03.07.2021 21:00;23.3;761.8;762.1;0.2;38;Штиль, безветрие;0;;;Облаков нет.; ;;;;26.7;;;;;;10;8.1;Осадков нет;12;;;;
03.07.2021 18:00;25.8;761.6;762;-0.4;25;Ветер, дующий с востока;1;;;Облаков нет.; ;;;;;;;;;;10;4;Осадков нет;12;;;;
03.07.2021 15:00;26.5;762;762.4;-0.2;28;Ветер, дующий с востоко-северо-востока;1;;;Облаков нет.; ;;;;;;;;;;10;6.4;;;;;;
03.07.2021 12:00;25.2;762.2;762.7;0.1;32;Ветер, дующий с востока;1;;;Облаков нет.; ;;;;;;;;;;10;7.1;;;;;;
03.07.2021 09:00;22.2;762.1;762.5;0.5;45;Ветер, дующий с востоко-юго-востока;1;;;Облаков нет.; ;;;14.8;;;;;;;10;9.6;Осадков нет;12;Cухая (без трещин, заметного количества пыли или сыпучего песка);12;;
03.07.2021 06:00;16.8;761.6;762;0.3;67;Штиль, безветрие;0;;;Облаков нет.; ;;;14.8;;;;;;;10;10.6;Осадков нет;12;;;;
03.07.2021 03:00;15.2;761.3;761.7;0.2;64;Штиль, безветрие;0;;;Облаков нет.; ;;;;;;;;;;10;8.4;;;;;;
03.07.2021 00:00;17.2;761.1;761.5;0.1;57;Штиль, безветрие;0;;;Облаков нет.; ;;;;;;;;;;10;8.6;;;;;;
02.07.2021 21:00;21.5;761;761.4;0.1;31;Ветер, дующий с северо-востока;1;;;50%.; ;;;;24.8;Слоисто-кучевых, слоистых, кучевых или кучево-дождевых облаков нет.;Облаков нет.;2500 или более, или облаков нет.;Высококучевых, высокослоистых или слоисто-дождевых облаков нет.;"Перистые плотные в виде клочьев или скрученных склонов, количество которых обычно не увеличивается, иногда могут казаться остатками верхней части кучево-дождевых; или перистые башенкообразные, или перистые хлопьевидные.";10;3.8;Осадков нет;12;;;;
02.07.2021 18:00;23.1;760.9;761.3;-0.3;29;Ветер, дующий с востоко-северо-востока;1;;;Облаков нет.; ;;;;;;;;;;10;4;Осадков нет;12;;;;
02.07.2021 15:00;23.7;761.2;761.6;-0.2;37;Ветер, дующий с северо-востока;1;;;Облаков нет.; ;;;;;;;;;;10;8;;;;;;
02.07.2021 12:00;23.5;761.4;761.8;-0.3;46;Ветер, дующий с северо-востока;1;;;50%.; ;;;;;"Кучевые средние или мощные или вместе с кучевыми разорванными, или с кучевыми плоскими, или со слоисто-кучевыми, либо без них; основания всех этих облаков расположены на одном уровне.";50%.;1000-1500;Высококучевых, высокослоистых или слоисто-дождевых облаков нет.;Перистых, перисто-кучевых или перисто-слоистых нет.;10;11.3;;;;;;
02.07.2021 09:00;19.9;761.7;762.1;0.3;69;Ветер, дующий с северо-востока;1;;;90  или более, но не 100%; ;;;17.6;;Слоисто-кучевых, слоистых, кучевых или кучево-дождевых облаков нет.;90  или более, но не 100%;2000-2500;"Клочья (часто чечевицеобразные) высококучевых просвечивающих, непрерывно изменяющихся; расположены на одном или более уровнях.";Перистых, перисто-кучевых или перисто-слоистых нет.;10;14;Осадков нет;12;Cухая (без трещин, заметного количества пыли или сыпучего песка);16;;
02.07.2021 06:00;18.6;761.4;761.8;-0.3;72;Штиль, безветрие;0;;;90  или более, но не 100%; ;;;17.6;;Слоисто-кучевые, образовавшиеся из кучевых.;40%.;300-600;Высококучевые просвечивающие, расположенные на одном уровне.;Перистых, перисто-кучевых или перисто-слоистых нет.;10;13.4;Следы осадков;12;;;;
02.07.2021 03:00;17.6;761.7;762.1;0.2;81;Штиль, безветрие;0;;;70 – 80%.; ;;;;;Слоисто-кучевые, образовавшиеся из кучевых.;20–30%.;300-600;Высококучевые просвечивающие, расположенные на одном уровне.;Перисто-кучевые одни или перисто-кучевые, сопровождаемые перистыми или перисто-слоистыми, либо те и другие, но перисто-кучевые преобладают среди них.;10;14.3;;;;;;
02.07.2021 00:00;18.8;761.5;761.9;0.3;76;Штиль, безветрие;0;;;20–30%.; ;;;;;Слоисто-кучевых, слоистых, кучевых или кучево-дождевых облаков нет.;Облаков нет.;2500 или более, или облаков нет.;Высококучевые просвечивающие, расположенные на одном уровне.;Перисто-кучевые одни или перисто-кучевые, сопровождаемые перистыми или перисто-слоистыми, либо те и другие, но перисто-кучевые преобладают среди них.;10;14.4;;;;;;
01.07.2021 21:00;21.4;761.2;761.6;-0.3;60;Ветер, дующий с северо-северо-востока;1;;;60%.;Дождь (незамерзающий) неливневый. ;Дождь.;Облака покрывали более половины неба в течение одной части соответствующего периода и половину или менее в течение другой части периода.;;26.3;Слоисто-кучевых, слоистых, кучевых или кучево-дождевых облаков нет.;Облаков нет.;2500 или более, или облаков нет.;Высококучевые просвечивающие, расположенные на одном уровне.;Перистых, перисто-кучевых или перисто-слоистых нет.;10;13.4;Следы осадков;12;;;;
01.07.2021 18:00;23.1;761.5;762;0.6;46;Ветер, дующий с северо-северо-востока;2;;;90  или более, но не 100%; ;;;;;Слоисто-кучевых, слоистых, кучевых или кучево-дождевых облаков нет.;Облаков нет.;2500 или более, или облаков нет.;Высококучевые просвечивающие, расположенные на одном уровне.;Перистые нитевидные, иногда когтевидные, не распространяющиеся по небу.;10;10.9;Осадков нет;12;;;;
01.07.2021 15:00;25.2;760.9;761.4;0;41;Ветер, дующий с северо-северо-востока;2;;;40%.; ;;;;;Кучево-дождевые волокнистые (часто с наковальней), либо с кучево-дождевыми лысыми, кучевыми, слоистыми, разорванно-дождевыми, либо без них.;10%  или менее, но не 0;300-600;Высококучевых, высокослоистых или слоисто-дождевых облаков нет.;Перисто-кучевые одни или перисто-кучевые, сопровождаемые перистыми или перисто-слоистыми, либо те и другие, но перисто-кучевые преобладают среди них.;10;11.1;;;;;;
01.07.2021 12:00;25;760.9;761.2;0.5;46;Ветер, дующий с востоко-северо-востока;1;;;70 – 80%.; ;;;;;Кучевые плоские или кучевые разорванные, или те и другие вместе, не относящиеся к облакам плохой погоды.;20–30%.;600-1000;Высококучевые просвечивающие, расположенные на одном уровне.;Перисто-кучевые одни или перисто-кучевые, сопровождаемые перистыми или перисто-слоистыми, либо те и другие, но перисто-кучевые преобладают среди них.;10;12.6;;;;;;
01.07.2021 09:00;22.8;760.4;760.8;0.8;53;Ветер, дующий с востоко-юго-востока;2;;;Облаков нет.; ;;;18;;;;;;;10;12.7;Осадков нет;12;Cухая (без трещин, заметного количества пыли или сыпучего песка);16;;
01.07.2021 06:00;20.5;759.6;760;1.1;60;Ветер, дующий с востоко-юго-востока;2;;;Облаков нет.; ;;;18;;;;;;;10;12.5;Осадков нет;12;;;;
01.07.2021 03:00;NaN;758.5;758.9;1;88;Штиль, безветрие;0;;;Облаков нет.; ;;;;;;;;;;10;16.1;;;;;;
01.07.2021 00:00;19.6;757.5;757.9;0.8;85;Штиль, безветрие;0;;;Облаков нет.; ;;;;;;;;;;10;16.9;;;;;;